"name","domain","hqCountry","source","sourceEvidenceUrl"
"3M",,"US","sp500","https://github.com/datasets/s-and-p-500-companies"
"A. O. Smith",,"US","sp500","https://github.com/datasets/s-and-p-500-companies"
"Abbott Laboratories",,"US","sp500","https://github.com/datasets/s-and-p-500-companies"
"AbbVie",,"US","sp500","https://github.com/datasets/s-and-p-500-companies"
"Accenture",,"US","sp500","https://github.com/datasets/s-and-p-500-companies"
"Adobe Inc.",,"US","sp500","https://github.com/datasets/s-and-p-500-companies"
"Advanced Micro Devices",,"US","sp500","https://github.com/datasets/s-and-p-500-companies"
"AES Corporation",,"US","sp500","https://github.com/datasets/s-and-p-500-companies"
"Aflac",,"US","sp500","https://github.com/datasets/s-and-p-500-companies"
"Agilent Technologies",,"US","sp500","https://github.com/datasets/s-and-p-500-companies"
"Air Products",,"US","sp500","https://github.com/datasets/s-and-p-500-companies"
"Airbnb",,"US","sp500","https://github.com/datasets/s-and-p-500-companies"
"Akamai Technologies",,"US","sp500","https://github.com/datasets/s-and-p-500-companies"
"Albemarle Corporation",,"US","sp500","https://github.com/datasets/s-and-p-500-companies"
"Alexandria Real Estate Equities",,"US","sp500","https://github.com/datasets/s-and-p-500-companies"
"Align Technology",,"US","sp500","https://github.com/datasets/s-and-p-500-companies"
"Allegion",,"US","sp500","https://github.com/datasets/s-and-p-500-companies"
"Alliant Energy",,"US","sp500","https://github.com/datasets/s-and-p-500-companies"
"Allstate",,"US","sp500","https://github.com/datasets/s-and-p-500-companies"
"Alphabet Inc. (Class A)",,"US","sp500","https://github.com/datasets/s-and-p-500-companies"
"Alphabet Inc. (Class C)",,"US","sp500","https://github.com/datasets/s-and-p-500-companies"
"Altria",,"US","sp500","https://github.com/datasets/s-and-p-500-companies"
"Amazon",,"US","sp500","https://github.com/datasets/s-and-p-500-companies"
"Amcor",,"US","sp500","https://github.com/datasets/s-and-p-500-companies"
"Ameren",,"US","sp500","https://github.com/datasets/s-and-p-500-companies"
"American Electric Power",,"US","sp500","https://github.com/datasets/s-and-p-500-companies"
"American Express",,"US","sp500","https://github.com/datasets/s-and-p-500-companies"
"American International Group",,"US","sp500","https://github.com/datasets/s-and-p-500-companies"
"American Tower",,"US","sp500","https://github.com/datasets/s-and-p-500-companies"
"American Water Works",,"US","sp500","https://github.com/datasets/s-and-p-500-companies"
"Ameriprise Financial",,"US","sp500","https://github.com/datasets/s-and-p-500-companies"
"Ametek",,"US","sp500","https://github.com/datasets/s-and-p-500-companies"
"Amgen",,"US","sp500","https://github.com/datasets/s-and-p-500-companies"
"Amphenol",,"US","sp500","https://github.com/datasets/s-and-p-500-companies"
"Analog Devices",,"US","sp500","https://github.com/datasets/s-and-p-500-companies"
"Aon plc",,"US","sp500","https://github.com/datasets/s-and-p-500-companies"
"APA Corporation",,"US","sp500","https://github.com/datasets/s-and-p-500-companies"
"Apollo Global Management",,"US","sp500","https://github.com/datasets/s-and-p-500-companies"
"Apple Inc.",,"US","sp500","https://github.com/datasets/s-and-p-500-companies"
"Applied Materials",,"US","sp500","https://github.com/datasets/s-and-p-500-companies"
"AppLovin",,"US","sp500","https://github.com/datasets/s-and-p-500-companies"
"Aptiv",,"US","sp500","https://github.com/datasets/s-and-p-500-companies"
"Arch Capital Group",,"US","sp500","https://github.com/datasets/s-and-p-500-companies"
"Archer Daniels Midland",,"US","sp500","https://github.com/datasets/s-and-p-500-companies"
"Ares Management",,"US","sp500","https://github.com/datasets/s-and-p-500-companies"
"Arista Networks",,"US","sp500","https://github.com/datasets/s-and-p-500-companies"
"Arthur J. Gallagher & Co.",,"US","sp500","https://github.com/datasets/s-and-p-500-companies"
"Assurant",,"US","sp500","https://github.com/datasets/s-and-p-500-companies"
"AT&T",,"US","sp500","https://github.com/datasets/s-and-p-500-companies"
"Atmos Energy",,"US","sp500","https://github.com/datasets/s-and-p-500-companies"
"Autodesk",,"US","sp500","https://github.com/datasets/s-and-p-500-companies"
"Automatic Data Processing",,"US","sp500","https://github.com/datasets/s-and-p-500-companies"
"AutoZone",,"US","sp500","https://github.com/datasets/s-and-p-500-companies"
"AvalonBay Communities",,"US","sp500","https://github.com/datasets/s-and-p-500-companies"
"Avery Dennison",,"US","sp500","https://github.com/datasets/s-and-p-500-companies"
"Axon Enterprise",,"US","sp500","https://github.com/datasets/s-and-p-500-companies"
"Baker Hughes",,"US","sp500","https://github.com/datasets/s-and-p-500-companies"
"Ball Corporation",,"US","sp500","https://github.com/datasets/s-and-p-500-companies"
"Bank of America",,"US","sp500","https://github.com/datasets/s-and-p-500-companies"
"Baxter International",,"US","sp500","https://github.com/datasets/s-and-p-500-companies"
"Becton Dickinson",,"US","sp500","https://github.com/datasets/s-and-p-500-companies"
"Berkshire Hathaway",,"US","sp500","https://github.com/datasets/s-and-p-500-companies"
"Best Buy",,"US","sp500","https://github.com/datasets/s-and-p-500-companies"
"Bio-Techne",,"US","sp500","https://github.com/datasets/s-and-p-500-companies"
"Biogen",,"US","sp500","https://github.com/datasets/s-and-p-500-companies"
"BlackRock",,"US","sp500","https://github.com/datasets/s-and-p-500-companies"
"Blackstone Inc.",,"US","sp500","https://github.com/datasets/s-and-p-500-companies"
"Block, Inc.",,"US","sp500","https://github.com/datasets/s-and-p-500-companies"
"BNY Mellon",,"US","sp500","https://github.com/datasets/s-and-p-500-companies"
"Boeing",,"US","sp500","https://github.com/datasets/s-and-p-500-companies"
"Booking Holdings",,"US","sp500","https://github.com/datasets/s-and-p-500-companies"
"Boston Scientific",,"US","sp500","https://github.com/datasets/s-and-p-500-companies"
"Bristol Myers Squibb",,"US","sp500","https://github.com/datasets/s-and-p-500-companies"
"Broadcom",,"US","sp500","https://github.com/datasets/s-and-p-500-companies"
"Broadridge Financial Solutions",,"US","sp500","https://github.com/datasets/s-and-p-500-companies"
"Brown & Brown",,"US","sp500","https://github.com/datasets/s-and-p-500-companies"
"Brown–Forman",,"US","sp500","https://github.com/datasets/s-and-p-500-companies"
"Builders FirstSource",,"US","sp500","https://github.com/datasets/s-and-p-500-companies"
"Bunge Global",,"US","sp500","https://github.com/datasets/s-and-p-500-companies"
"BXP, Inc.",,"US","sp500","https://github.com/datasets/s-and-p-500-companies"
"C.H. Robinson",,"US","sp500","https://github.com/datasets/s-and-p-500-companies"
"Cadence Design Systems",,"US","sp500","https://github.com/datasets/s-and-p-500-companies"
"Camden Property Trust",,"US","sp500","https://github.com/datasets/s-and-p-500-companies"
"Campbell's Company (The)",,"US","sp500","https://github.com/datasets/s-and-p-500-companies"
"Capital One",,"US","sp500","https://github.com/datasets/s-and-p-500-companies"
"Cardinal Health",,"US","sp500","https://github.com/datasets/s-and-p-500-companies"
"Carnival",,"US","sp500","https://github.com/datasets/s-and-p-500-companies"
"Carrier Global",,"US","sp500","https://github.com/datasets/s-and-p-500-companies"
"Carvana",,"US","sp500","https://github.com/datasets/s-and-p-500-companies"
"Casey's",,"US","sp500","https://github.com/datasets/s-and-p-500-companies"
"Caterpillar Inc.",,"US","sp500","https://github.com/datasets/s-and-p-500-companies"
"Cboe Global Markets",,"US","sp500","https://github.com/datasets/s-and-p-500-companies"
"CBRE Group",,"US","sp500","https://github.com/datasets/s-and-p-500-companies"
"CDW Corporation",,"US","sp500","https://github.com/datasets/s-and-p-500-companies"
"Cencora",,"US","sp500","https://github.com/datasets/s-and-p-500-companies"
"Centene Corporation",,"US","sp500","https://github.com/datasets/s-and-p-500-companies"
"CenterPoint Energy",,"US","sp500","https://github.com/datasets/s-and-p-500-companies"
"CF Industries",,"US","sp500","https://github.com/datasets/s-and-p-500-companies"
"Charles River Laboratories",,"US","sp500","https://github.com/datasets/s-and-p-500-companies"
"Charles Schwab Corporation",,"US","sp500","https://github.com/datasets/s-and-p-500-companies"
"Charter Communications",,"US","sp500","https://github.com/datasets/s-and-p-500-companies"
"Chevron Corporation",,"US","sp500","https://github.com/datasets/s-and-p-500-companies"
"Chipotle Mexican Grill",,"US","sp500","https://github.com/datasets/s-and-p-500-companies"
"Chubb Limited",,"US","sp500","https://github.com/datasets/s-and-p-500-companies"
"Church & Dwight",,"US","sp500","https://github.com/datasets/s-and-p-500-companies"
"Ciena",,"US","sp500","https://github.com/datasets/s-and-p-500-companies"
"Cigna",,"US","sp500","https://github.com/datasets/s-and-p-500-companies"
"Cincinnati Financial",,"US","sp500","https://github.com/datasets/s-and-p-500-companies"
"Cintas",,"US","sp500","https://github.com/datasets/s-and-p-500-companies"
"Cisco",,"US","sp500","https://github.com/datasets/s-and-p-500-companies"
"Citigroup",,"US","sp500","https://github.com/datasets/s-and-p-500-companies"
"Citizens Financial Group",,"US","sp500","https://github.com/datasets/s-and-p-500-companies"
"Clorox",,"US","sp500","https://github.com/datasets/s-and-p-500-companies"
"CME Group",,"US","sp500","https://github.com/datasets/s-and-p-500-companies"
"CMS Energy",,"US","sp500","https://github.com/datasets/s-and-p-500-companies"
"Coca-Cola Company (The)",,"US","sp500","https://github.com/datasets/s-and-p-500-companies"
"Cognizant",,"US","sp500","https://github.com/datasets/s-and-p-500-companies"
"Coherent Corp.",,"US","sp500","https://github.com/datasets/s-and-p-500-companies"
"Coinbase",,"US","sp500","https://github.com/datasets/s-and-p-500-companies"
"Colgate-Palmolive",,"US","sp500","https://github.com/datasets/s-and-p-500-companies"
"Comcast",,"US","sp500","https://github.com/datasets/s-and-p-500-companies"
"Comfort Systems USA",,"US","sp500","https://github.com/datasets/s-and-p-500-companies"
"Conagra Brands",,"US","sp500","https://github.com/datasets/s-and-p-500-companies"
"ConocoPhillips",,"US","sp500","https://github.com/datasets/s-and-p-500-companies"
"Consolidated Edison",,"US","sp500","https://github.com/datasets/s-and-p-500-companies"
"Constellation Brands",,"US","sp500","https://github.com/datasets/s-and-p-500-companies"
"Constellation Energy",,"US","sp500","https://github.com/datasets/s-and-p-500-companies"
"Cooper Companies (The)",,"US","sp500","https://github.com/datasets/s-and-p-500-companies"
"Copart",,"US","sp500","https://github.com/datasets/s-and-p-500-companies"
"Corning Inc.",,"US","sp500","https://github.com/datasets/s-and-p-500-companies"
"Corpay",,"US","sp500","https://github.com/datasets/s-and-p-500-companies"
"Corteva",,"US","sp500","https://github.com/datasets/s-and-p-500-companies"
"CoStar Group",,"US","sp500","https://github.com/datasets/s-and-p-500-companies"
"Costco",,"US","sp500","https://github.com/datasets/s-and-p-500-companies"
"Coterra",,"US","sp500","https://github.com/datasets/s-and-p-500-companies"
"CRH plc",,"US","sp500","https://github.com/datasets/s-and-p-500-companies"
"CrowdStrike",,"US","sp500","https://github.com/datasets/s-and-p-500-companies"
"Crown Castle",,"US","sp500","https://github.com/datasets/s-and-p-500-companies"
"CSX Corporation",,"US","sp500","https://github.com/datasets/s-and-p-500-companies"
"Cummins",,"US","sp500","https://github.com/datasets/s-and-p-500-companies"
"CVS Health",,"US","sp500","https://github.com/datasets/s-and-p-500-companies"
"Danaher Corporation",,"US","sp500","https://github.com/datasets/s-and-p-500-companies"
"Darden Restaurants",,"US","sp500","https://github.com/datasets/s-and-p-500-companies"
"Datadog",,"US","sp500","https://github.com/datasets/s-and-p-500-companies"
"DaVita",,"US","sp500","https://github.com/datasets/s-and-p-500-companies"
"Deckers Brands",,"US","sp500","https://github.com/datasets/s-and-p-500-companies"
"Deere & Company",,"US","sp500","https://github.com/datasets/s-and-p-500-companies"
"Dell Technologies",,"US","sp500","https://github.com/datasets/s-and-p-500-companies"
"Delta Air Lines",,"US","sp500","https://github.com/datasets/s-and-p-500-companies"
"Devon Energy",,"US","sp500","https://github.com/datasets/s-and-p-500-companies"
"Dexcom",,"US","sp500","https://github.com/datasets/s-and-p-500-companies"
"Diamondback Energy",,"US","sp500","https://github.com/datasets/s-and-p-500-companies"
"Digital Realty",,"US","sp500","https://github.com/datasets/s-and-p-500-companies"
"Dollar General",,"US","sp500","https://github.com/datasets/s-and-p-500-companies"
"Dollar Tree",,"US","sp500","https://github.com/datasets/s-and-p-500-companies"
"Dominion Energy",,"US","sp500","https://github.com/datasets/s-and-p-500-companies"
"Domino's",,"US","sp500","https://github.com/datasets/s-and-p-500-companies"
"DoorDash",,"US","sp500","https://github.com/datasets/s-and-p-500-companies"
"Dover Corporation",,"US","sp500","https://github.com/datasets/s-and-p-500-companies"
"Dow Inc.",,"US","sp500","https://github.com/datasets/s-and-p-500-companies"
"D. R. Horton",,"US","sp500","https://github.com/datasets/s-and-p-500-companies"
"DTE Energy",,"US","sp500","https://github.com/datasets/s-and-p-500-companies"
"Duke Energy",,"US","sp500","https://github.com/datasets/s-and-p-500-companies"
"DuPont",,"US","sp500","https://github.com/datasets/s-and-p-500-companies"
"Eaton Corporation",,"US","sp500","https://github.com/datasets/s-and-p-500-companies"
"eBay Inc.",,"US","sp500","https://github.com/datasets/s-and-p-500-companies"
"EchoStar",,"US","sp500","https://github.com/datasets/s-and-p-500-companies"
"Ecolab",,"US","sp500","https://github.com/datasets/s-and-p-500-companies"
"Edison International",,"US","sp500","https://github.com/datasets/s-and-p-500-companies"
"Edwards Lifesciences",,"US","sp500","https://github.com/datasets/s-and-p-500-companies"
"Electronic Arts",,"US","sp500","https://github.com/datasets/s-and-p-500-companies"
"Elevance Health",,"US","sp500","https://github.com/datasets/s-and-p-500-companies"
"Emcor",,"US","sp500","https://github.com/datasets/s-and-p-500-companies"
"Emerson Electric",,"US","sp500","https://github.com/datasets/s-and-p-500-companies"
"Entergy",,"US","sp500","https://github.com/datasets/s-and-p-500-companies"
"EOG Resources",,"US","sp500","https://github.com/datasets/s-and-p-500-companies"
"EPAM Systems",,"US","sp500","https://github.com/datasets/s-and-p-500-companies"
"EQT Corporation",,"US","sp500","https://github.com/datasets/s-and-p-500-companies"
"Equifax",,"US","sp500","https://github.com/datasets/s-and-p-500-companies"
"Equinix",,"US","sp500","https://github.com/datasets/s-and-p-500-companies"
"Equity Residential",,"US","sp500","https://github.com/datasets/s-and-p-500-companies"
"Erie Indemnity",,"US","sp500","https://github.com/datasets/s-and-p-500-companies"
"Essex Property Trust",,"US","sp500","https://github.com/datasets/s-and-p-500-companies"
"Estée Lauder Companies (The)",,"US","sp500","https://github.com/datasets/s-and-p-500-companies"
"Everest Group",,"US","sp500","https://github.com/datasets/s-and-p-500-companies"
"Evergy",,"US","sp500","https://github.com/datasets/s-and-p-500-companies"
"Eversource Energy",,"US","sp500","https://github.com/datasets/s-and-p-500-companies"
"Exelon",,"US","sp500","https://github.com/datasets/s-and-p-500-companies"
"Expand Energy",,"US","sp500","https://github.com/datasets/s-and-p-500-companies"
"Expedia Group",,"US","sp500","https://github.com/datasets/s-and-p-500-companies"
"Expeditors International",,"US","sp500","https://github.com/datasets/s-and-p-500-companies"
"Extra Space Storage",,"US","sp500","https://github.com/datasets/s-and-p-500-companies"
"ExxonMobil",,"US","sp500","https://github.com/datasets/s-and-p-500-companies"
"F5, Inc.",,"US","sp500","https://github.com/datasets/s-and-p-500-companies"
"FactSet",,"US","sp500","https://github.com/datasets/s-and-p-500-companies"
"Fair Isaac",,"US","sp500","https://github.com/datasets/s-and-p-500-companies"
"Fastenal",,"US","sp500","https://github.com/datasets/s-and-p-500-companies"
"Federal Realty Investment Trust",,"US","sp500","https://github.com/datasets/s-and-p-500-companies"
"FedEx",,"US","sp500","https://github.com/datasets/s-and-p-500-companies"
"Fidelity National Information Services",,"US","sp500","https://github.com/datasets/s-and-p-500-companies"
"Fifth Third Bancorp",,"US","sp500","https://github.com/datasets/s-and-p-500-companies"
"First Solar",,"US","sp500","https://github.com/datasets/s-and-p-500-companies"
"FirstEnergy",,"US","sp500","https://github.com/datasets/s-and-p-500-companies"
"Fiserv",,"US","sp500","https://github.com/datasets/s-and-p-500-companies"
"Ford Motor Company",,"US","sp500","https://github.com/datasets/s-and-p-500-companies"
"Fortinet",,"US","sp500","https://github.com/datasets/s-and-p-500-companies"
"Fortive",,"US","sp500","https://github.com/datasets/s-and-p-500-companies"
"Fox Corporation (Class A)",,"US","sp500","https://github.com/datasets/s-and-p-500-companies"
"Fox Corporation (Class B)",,"US","sp500","https://github.com/datasets/s-and-p-500-companies"
"Franklin Resources",,"US","sp500","https://github.com/datasets/s-and-p-500-companies"
"Freeport-McMoRan",,"US","sp500","https://github.com/datasets/s-and-p-500-companies"
"Garmin",,"US","sp500","https://github.com/datasets/s-and-p-500-companies"
"Gartner",,"US","sp500","https://github.com/datasets/s-and-p-500-companies"
"GE Aerospace",,"US","sp500","https://github.com/datasets/s-and-p-500-companies"
"GE HealthCare",,"US","sp500","https://github.com/datasets/s-and-p-500-companies"
"GE Vernova",,"US","sp500","https://github.com/datasets/s-and-p-500-companies"
"Gen Digital",,"US","sp500","https://github.com/datasets/s-and-p-500-companies"
"Generac",,"US","sp500","https://github.com/datasets/s-and-p-500-companies"
"General Dynamics",,"US","sp500","https://github.com/datasets/s-and-p-500-companies"
"General Mills",,"US","sp500","https://github.com/datasets/s-and-p-500-companies"
"General Motors",,"US","sp500","https://github.com/datasets/s-and-p-500-companies"
"Genuine Parts Company",,"US","sp500","https://github.com/datasets/s-and-p-500-companies"
"Gilead Sciences",,"US","sp500","https://github.com/datasets/s-and-p-500-companies"
"Global Payments",,"US","sp500","https://github.com/datasets/s-and-p-500-companies"
"Globe Life",,"US","sp500","https://github.com/datasets/s-and-p-500-companies"
"GoDaddy",,"US","sp500","https://github.com/datasets/s-and-p-500-companies"
"Goldman Sachs",,"US","sp500","https://github.com/datasets/s-and-p-500-companies"
"Halliburton",,"US","sp500","https://github.com/datasets/s-and-p-500-companies"
"Hartford (The)",,"US","sp500","https://github.com/datasets/s-and-p-500-companies"
"Hasbro",,"US","sp500","https://github.com/datasets/s-and-p-500-companies"
"HCA Healthcare",,"US","sp500","https://github.com/datasets/s-and-p-500-companies"
"Healthpeak Properties",,"US","sp500","https://github.com/datasets/s-and-p-500-companies"
"Henry Schein",,"US","sp500","https://github.com/datasets/s-and-p-500-companies"
"Hershey Company (The)",,"US","sp500","https://github.com/datasets/s-and-p-500-companies"
"Hewlett Packard Enterprise",,"US","sp500","https://github.com/datasets/s-and-p-500-companies"
"Hilton Worldwide",,"US","sp500","https://github.com/datasets/s-and-p-500-companies"
"Home Depot (The)",,"US","sp500","https://github.com/datasets/s-and-p-500-companies"
"Honeywell",,"US","sp500","https://github.com/datasets/s-and-p-500-companies"
"Hormel Foods",,"US","sp500","https://github.com/datasets/s-and-p-500-companies"
"Host Hotels & Resorts",,"US","sp500","https://github.com/datasets/s-and-p-500-companies"
"Howmet Aerospace",,"US","sp500","https://github.com/datasets/s-and-p-500-companies"
"HP Inc.",,"US","sp500","https://github.com/datasets/s-and-p-500-companies"
"Hubbell Incorporated",,"US","sp500","https://github.com/datasets/s-and-p-500-companies"
"Humana",,"US","sp500","https://github.com/datasets/s-and-p-500-companies"
"Huntington Bancshares",,"US","sp500","https://github.com/datasets/s-and-p-500-companies"
"Huntington Ingalls Industries",,"US","sp500","https://github.com/datasets/s-and-p-500-companies"
"IBM",,"US","sp500","https://github.com/datasets/s-and-p-500-companies"
"IDEX Corporation",,"US","sp500","https://github.com/datasets/s-and-p-500-companies"
"Idexx Laboratories",,"US","sp500","https://github.com/datasets/s-and-p-500-companies"
"Illinois Tool Works",,"US","sp500","https://github.com/datasets/s-and-p-500-companies"
"Incyte",,"US","sp500","https://github.com/datasets/s-and-p-500-companies"
"Ingersoll Rand",,"US","sp500","https://github.com/datasets/s-and-p-500-companies"
"Insulet Corporation",,"US","sp500","https://github.com/datasets/s-and-p-500-companies"
"Intel",,"US","sp500","https://github.com/datasets/s-and-p-500-companies"
"Interactive Brokers",,"US","sp500","https://github.com/datasets/s-and-p-500-companies"
"Intercontinental Exchange",,"US","sp500","https://github.com/datasets/s-and-p-500-companies"
"International Flavors & Fragrances",,"US","sp500","https://github.com/datasets/s-and-p-500-companies"
"International Paper",,"US","sp500","https://github.com/datasets/s-and-p-500-companies"
"Intuit",,"US","sp500","https://github.com/datasets/s-and-p-500-companies"
"Intuitive Surgical",,"US","sp500","https://github.com/datasets/s-and-p-500-companies"
"Invesco",,"US","sp500","https://github.com/datasets/s-and-p-500-companies"
"Invitation Homes",,"US","sp500","https://github.com/datasets/s-and-p-500-companies"
"IQVIA",,"US","sp500","https://github.com/datasets/s-and-p-500-companies"
"Iron Mountain",,"US","sp500","https://github.com/datasets/s-and-p-500-companies"
"J.B. Hunt",,"US","sp500","https://github.com/datasets/s-and-p-500-companies"
"Jabil",,"US","sp500","https://github.com/datasets/s-and-p-500-companies"
"Jack Henry & Associates",,"US","sp500","https://github.com/datasets/s-and-p-500-companies"
"Jacobs Solutions",,"US","sp500","https://github.com/datasets/s-and-p-500-companies"
"Johnson & Johnson",,"US","sp500","https://github.com/datasets/s-and-p-500-companies"
"Johnson Controls",,"US","sp500","https://github.com/datasets/s-and-p-500-companies"
"JPMorgan Chase",,"US","sp500","https://github.com/datasets/s-and-p-500-companies"
"Kenvue",,"US","sp500","https://github.com/datasets/s-and-p-500-companies"
"Keurig Dr Pepper",,"US","sp500","https://github.com/datasets/s-and-p-500-companies"
"KeyCorp",,"US","sp500","https://github.com/datasets/s-and-p-500-companies"
"Keysight Technologies",,"US","sp500","https://github.com/datasets/s-and-p-500-companies"
"Kimberly-Clark",,"US","sp500","https://github.com/datasets/s-and-p-500-companies"
"Kimco Realty",,"US","sp500","https://github.com/datasets/s-and-p-500-companies"
"Kinder Morgan",,"US","sp500","https://github.com/datasets/s-and-p-500-companies"
"KKR & Co.",,"US","sp500","https://github.com/datasets/s-and-p-500-companies"
"KLA Corporation",,"US","sp500","https://github.com/datasets/s-and-p-500-companies"
"Kraft Heinz",,"US","sp500","https://github.com/datasets/s-and-p-500-companies"
"Kroger",,"US","sp500","https://github.com/datasets/s-and-p-500-companies"
"L3Harris",,"US","sp500","https://github.com/datasets/s-and-p-500-companies"
"Labcorp",,"US","sp500","https://github.com/datasets/s-and-p-500-companies"
"Lam Research",,"US","sp500","https://github.com/datasets/s-and-p-500-companies"
"Las Vegas Sands",,"US","sp500","https://github.com/datasets/s-and-p-500-companies"
"Leidos",,"US","sp500","https://github.com/datasets/s-and-p-500-companies"
"Lennar",,"US","sp500","https://github.com/datasets/s-and-p-500-companies"
"Lennox International",,"US","sp500","https://github.com/datasets/s-and-p-500-companies"
"Lilly (Eli)",,"US","sp500","https://github.com/datasets/s-and-p-500-companies"
"Linde plc",,"US","sp500","https://github.com/datasets/s-and-p-500-companies"
"Live Nation Entertainment",,"US","sp500","https://github.com/datasets/s-and-p-500-companies"
"Lockheed Martin",,"US","sp500","https://github.com/datasets/s-and-p-500-companies"
"Loews Corporation",,"US","sp500","https://github.com/datasets/s-and-p-500-companies"
"Lowe's",,"US","sp500","https://github.com/datasets/s-and-p-500-companies"
"Lululemon Athletica",,"US","sp500","https://github.com/datasets/s-and-p-500-companies"
"Lumentum",,"US","sp500","https://github.com/datasets/s-and-p-500-companies"
"LyondellBasell",,"US","sp500","https://github.com/datasets/s-and-p-500-companies"
"M&T Bank",,"US","sp500","https://github.com/datasets/s-and-p-500-companies"
"Marathon Petroleum",,"US","sp500","https://github.com/datasets/s-and-p-500-companies"
"Marriott International",,"US","sp500","https://github.com/datasets/s-and-p-500-companies"
"Marsh McLennan",,"US","sp500","https://github.com/datasets/s-and-p-500-companies"
"Martin Marietta Materials",,"US","sp500","https://github.com/datasets/s-and-p-500-companies"
"Masco",,"US","sp500","https://github.com/datasets/s-and-p-500-companies"
"Mastercard",,"US","sp500","https://github.com/datasets/s-and-p-500-companies"
"McCormick & Company",,"US","sp500","https://github.com/datasets/s-and-p-500-companies"
"McDonald's",,"US","sp500","https://github.com/datasets/s-and-p-500-companies"
"McKesson Corporation",,"US","sp500","https://github.com/datasets/s-and-p-500-companies"
"Medtronic",,"US","sp500","https://github.com/datasets/s-and-p-500-companies"
"Merck & Co.",,"US","sp500","https://github.com/datasets/s-and-p-500-companies"
"Meta Platforms",,"US","sp500","https://github.com/datasets/s-and-p-500-companies"
"MetLife",,"US","sp500","https://github.com/datasets/s-and-p-500-companies"
"Mettler Toledo",,"US","sp500","https://github.com/datasets/s-and-p-500-companies"
"MGM Resorts",,"US","sp500","https://github.com/datasets/s-and-p-500-companies"
"Microchip Technology",,"US","sp500","https://github.com/datasets/s-and-p-500-companies"
"Micron Technology",,"US","sp500","https://github.com/datasets/s-and-p-500-companies"
"Microsoft",,"US","sp500","https://github.com/datasets/s-and-p-500-companies"
"Mid-America Apartment Communities",,"US","sp500","https://github.com/datasets/s-and-p-500-companies"
"Moderna",,"US","sp500","https://github.com/datasets/s-and-p-500-companies"
"Molson Coors Beverage Company",,"US","sp500","https://github.com/datasets/s-and-p-500-companies"
"Mondelez International",,"US","sp500","https://github.com/datasets/s-and-p-500-companies"
"Monolithic Power Systems",,"US","sp500","https://github.com/datasets/s-and-p-500-companies"
"Monster Beverage",,"US","sp500","https://github.com/datasets/s-and-p-500-companies"
"Moody's Corporation",,"US","sp500","https://github.com/datasets/s-and-p-500-companies"
"Morgan Stanley",,"US","sp500","https://github.com/datasets/s-and-p-500-companies"
"Mosaic Company (The)",,"US","sp500","https://github.com/datasets/s-and-p-500-companies"
"Motorola Solutions",,"US","sp500","https://github.com/datasets/s-and-p-500-companies"
"MSCI Inc.",,"US","sp500","https://github.com/datasets/s-and-p-500-companies"
"Nasdaq, Inc.",,"US","sp500","https://github.com/datasets/s-and-p-500-companies"
"NetApp",,"US","sp500","https://github.com/datasets/s-and-p-500-companies"
"Netflix",,"US","sp500","https://github.com/datasets/s-and-p-500-companies"
"Newmont",,"US","sp500","https://github.com/datasets/s-and-p-500-companies"
"News Corp (Class A)",,"US","sp500","https://github.com/datasets/s-and-p-500-companies"
"News Corp (Class B)",,"US","sp500","https://github.com/datasets/s-and-p-500-companies"
"NextEra Energy",,"US","sp500","https://github.com/datasets/s-and-p-500-companies"
"Nike, Inc.",,"US","sp500","https://github.com/datasets/s-and-p-500-companies"
"NiSource",,"US","sp500","https://github.com/datasets/s-and-p-500-companies"
"Nordson Corporation",,"US","sp500","https://github.com/datasets/s-and-p-500-companies"
"Norfolk Southern",,"US","sp500","https://github.com/datasets/s-and-p-500-companies"
"Northern Trust",,"US","sp500","https://github.com/datasets/s-and-p-500-companies"
"Northrop Grumman",,"US","sp500","https://github.com/datasets/s-and-p-500-companies"
"Norwegian Cruise Line Holdings",,"US","sp500","https://github.com/datasets/s-and-p-500-companies"
"NRG Energy",,"US","sp500","https://github.com/datasets/s-and-p-500-companies"
"Nucor",,"US","sp500","https://github.com/datasets/s-and-p-500-companies"
"Nvidia",,"US","sp500","https://github.com/datasets/s-and-p-500-companies"
"NVR, Inc.",,"US","sp500","https://github.com/datasets/s-and-p-500-companies"
"NXP Semiconductors",,"US","sp500","https://github.com/datasets/s-and-p-500-companies"
"O’Reilly Automotive",,"US","sp500","https://github.com/datasets/s-and-p-500-companies"
"Occidental Petroleum",,"US","sp500","https://github.com/datasets/s-and-p-500-companies"
"Old Dominion",,"US","sp500","https://github.com/datasets/s-and-p-500-companies"
"Omnicom Group",,"US","sp500","https://github.com/datasets/s-and-p-500-companies"
"ON Semiconductor",,"US","sp500","https://github.com/datasets/s-and-p-500-companies"
"Oneok",,"US","sp500","https://github.com/datasets/s-and-p-500-companies"
"Oracle Corporation",,"US","sp500","https://github.com/datasets/s-and-p-500-companies"
"Otis Worldwide",,"US","sp500","https://github.com/datasets/s-and-p-500-companies"
"Paccar",,"US","sp500","https://github.com/datasets/s-and-p-500-companies"
"Packaging Corporation of America",,"US","sp500","https://github.com/datasets/s-and-p-500-companies"
"Palantir Technologies",,"US","sp500","https://github.com/datasets/s-and-p-500-companies"
"Palo Alto Networks",,"US","sp500","https://github.com/datasets/s-and-p-500-companies"
"Paramount Skydance Corporation",,"US","sp500","https://github.com/datasets/s-and-p-500-companies"
"Parker Hannifin",,"US","sp500","https://github.com/datasets/s-and-p-500-companies"
"Paychex",,"US","sp500","https://github.com/datasets/s-and-p-500-companies"
"PayPal",,"US","sp500","https://github.com/datasets/s-and-p-500-companies"
"Pentair",,"US","sp500","https://github.com/datasets/s-and-p-500-companies"
"PepsiCo",,"US","sp500","https://github.com/datasets/s-and-p-500-companies"
"Pfizer",,"US","sp500","https://github.com/datasets/s-and-p-500-companies"
"PG&E Corporation",,"US","sp500","https://github.com/datasets/s-and-p-500-companies"
"Philip Morris International",,"US","sp500","https://github.com/datasets/s-and-p-500-companies"
"Phillips 66",,"US","sp500","https://github.com/datasets/s-and-p-500-companies"
"Pinnacle West Capital",,"US","sp500","https://github.com/datasets/s-and-p-500-companies"
"PNC Financial Services",,"US","sp500","https://github.com/datasets/s-and-p-500-companies"
"Pool Corporation",,"US","sp500","https://github.com/datasets/s-and-p-500-companies"
"PPG Industries",,"US","sp500","https://github.com/datasets/s-and-p-500-companies"
"PPL Corporation",,"US","sp500","https://github.com/datasets/s-and-p-500-companies"
"Principal Financial Group",,"US","sp500","https://github.com/datasets/s-and-p-500-companies"
"Procter & Gamble",,"US","sp500","https://github.com/datasets/s-and-p-500-companies"
"Progressive Corporation",,"US","sp500","https://github.com/datasets/s-and-p-500-companies"
"Prologis",,"US","sp500","https://github.com/datasets/s-and-p-500-companies"
"Prudential Financial",,"US","sp500","https://github.com/datasets/s-and-p-500-companies"
"Public Service Enterprise Group",,"US","sp500","https://github.com/datasets/s-and-p-500-companies"
"PTC Inc.",,"US","sp500","https://github.com/datasets/s-and-p-500-companies"
"Public Storage",,"US","sp500","https://github.com/datasets/s-and-p-500-companies"
"PulteGroup",,"US","sp500","https://github.com/datasets/s-and-p-500-companies"
"Quanta Services",,"US","sp500","https://github.com/datasets/s-and-p-500-companies"
"Qualcomm",,"US","sp500","https://github.com/datasets/s-and-p-500-companies"
"Quest Diagnostics",,"US","sp500","https://github.com/datasets/s-and-p-500-companies"
"Qnity Electronics",,"US","sp500","https://github.com/datasets/s-and-p-500-companies"
"Ralph Lauren Corporation",,"US","sp500","https://github.com/datasets/s-and-p-500-companies"
"Raymond James Financial",,"US","sp500","https://github.com/datasets/s-and-p-500-companies"
"RTX Corporation",,"US","sp500","https://github.com/datasets/s-and-p-500-companies"
"Realty Income",,"US","sp500","https://github.com/datasets/s-and-p-500-companies"
"Regency Centers",,"US","sp500","https://github.com/datasets/s-and-p-500-companies"
"Regeneron Pharmaceuticals",,"US","sp500","https://github.com/datasets/s-and-p-500-companies"
"Regions Financial Corporation",,"US","sp500","https://github.com/datasets/s-and-p-500-companies"
"Republic Services",,"US","sp500","https://github.com/datasets/s-and-p-500-companies"
"ResMed",,"US","sp500","https://github.com/datasets/s-and-p-500-companies"
"Revvity",,"US","sp500","https://github.com/datasets/s-and-p-500-companies"
"Robinhood Markets",,"US","sp500","https://github.com/datasets/s-and-p-500-companies"
"Rockwell Automation",,"US","sp500","https://github.com/datasets/s-and-p-500-companies"
"Rollins, Inc.",,"US","sp500","https://github.com/datasets/s-and-p-500-companies"
"Roper Technologies",,"US","sp500","https://github.com/datasets/s-and-p-500-companies"
"Ross Stores",,"US","sp500","https://github.com/datasets/s-and-p-500-companies"
"Royal Caribbean Group",,"US","sp500","https://github.com/datasets/s-and-p-500-companies"
"S&P Global",,"US","sp500","https://github.com/datasets/s-and-p-500-companies"
"Salesforce",,"US","sp500","https://github.com/datasets/s-and-p-500-companies"
"Sandisk",,"US","sp500","https://github.com/datasets/s-and-p-500-companies"
"SBA Communications",,"US","sp500","https://github.com/datasets/s-and-p-500-companies"
"Schlumberger",,"US","sp500","https://github.com/datasets/s-and-p-500-companies"
"Seagate Technology",,"US","sp500","https://github.com/datasets/s-and-p-500-companies"
"Sempra",,"US","sp500","https://github.com/datasets/s-and-p-500-companies"
"ServiceNow",,"US","sp500","https://github.com/datasets/s-and-p-500-companies"
"Sherwin-Williams",,"US","sp500","https://github.com/datasets/s-and-p-500-companies"
"Simon Property Group",,"US","sp500","https://github.com/datasets/s-and-p-500-companies"
"Skyworks Solutions",,"US","sp500","https://github.com/datasets/s-and-p-500-companies"
"J.M. Smucker Company (The)",,"US","sp500","https://github.com/datasets/s-and-p-500-companies"
"Smurfit Westrock",,"US","sp500","https://github.com/datasets/s-and-p-500-companies"
"Snap-on",,"US","sp500","https://github.com/datasets/s-and-p-500-companies"
"Solventum",,"US","sp500","https://github.com/datasets/s-and-p-500-companies"
"Southern Company",,"US","sp500","https://github.com/datasets/s-and-p-500-companies"
"Southwest Airlines",,"US","sp500","https://github.com/datasets/s-and-p-500-companies"
"Stanley Black & Decker",,"US","sp500","https://github.com/datasets/s-and-p-500-companies"
"Starbucks",,"US","sp500","https://github.com/datasets/s-and-p-500-companies"
"State Street Corporation",,"US","sp500","https://github.com/datasets/s-and-p-500-companies"
"Steel Dynamics",,"US","sp500","https://github.com/datasets/s-and-p-500-companies"
"Steris",,"US","sp500","https://github.com/datasets/s-and-p-500-companies"
"Stryker Corporation",,"US","sp500","https://github.com/datasets/s-and-p-500-companies"
"Supermicro",,"US","sp500","https://github.com/datasets/s-and-p-500-companies"
"Synchrony Financial",,"US","sp500","https://github.com/datasets/s-and-p-500-companies"
"Synopsys",,"US","sp500","https://github.com/datasets/s-and-p-500-companies"
"Sysco",,"US","sp500","https://github.com/datasets/s-and-p-500-companies"
"T-Mobile US",,"US","sp500","https://github.com/datasets/s-and-p-500-companies"
"T. Rowe Price",,"US","sp500","https://github.com/datasets/s-and-p-500-companies"
"Take-Two Interactive",,"US","sp500","https://github.com/datasets/s-and-p-500-companies"
"Tapestry, Inc.",,"US","sp500","https://github.com/datasets/s-and-p-500-companies"
"Targa Resources",,"US","sp500","https://github.com/datasets/s-and-p-500-companies"
"Target Corporation",,"US","sp500","https://github.com/datasets/s-and-p-500-companies"
"TE Connectivity",,"US","sp500","https://github.com/datasets/s-and-p-500-companies"
"Teledyne Technologies",,"US","sp500","https://github.com/datasets/s-and-p-500-companies"
"Teradyne",,"US","sp500","https://github.com/datasets/s-and-p-500-companies"
"Tesla, Inc.",,"US","sp500","https://github.com/datasets/s-and-p-500-companies"
"Texas Instruments",,"US","sp500","https://github.com/datasets/s-and-p-500-companies"
"Texas Pacific Land Corporation",,"US","sp500","https://github.com/datasets/s-and-p-500-companies"
"Textron",,"US","sp500","https://github.com/datasets/s-and-p-500-companies"
"Thermo Fisher Scientific",,"US","sp500","https://github.com/datasets/s-and-p-500-companies"
"TJX Companies",,"US","sp500","https://github.com/datasets/s-and-p-500-companies"
"TKO Group Holdings",,"US","sp500","https://github.com/datasets/s-and-p-500-companies"
"Trade Desk (The)",,"US","sp500","https://github.com/datasets/s-and-p-500-companies"
"Tractor Supply",,"US","sp500","https://github.com/datasets/s-and-p-500-companies"
"Trane Technologies",,"US","sp500","https://github.com/datasets/s-and-p-500-companies"
"TransDigm Group",,"US","sp500","https://github.com/datasets/s-and-p-500-companies"
"Travelers Companies (The)",,"US","sp500","https://github.com/datasets/s-and-p-500-companies"
"Trimble Inc.",,"US","sp500","https://github.com/datasets/s-and-p-500-companies"
"Truist Financial",,"US","sp500","https://github.com/datasets/s-and-p-500-companies"
"Tyler Technologies",,"US","sp500","https://github.com/datasets/s-and-p-500-companies"
"Tyson Foods",,"US","sp500","https://github.com/datasets/s-and-p-500-companies"
"U.S. Bancorp",,"US","sp500","https://github.com/datasets/s-and-p-500-companies"
"Uber",,"US","sp500","https://github.com/datasets/s-and-p-500-companies"
"UDR, Inc.",,"US","sp500","https://github.com/datasets/s-and-p-500-companies"
"Ulta Beauty",,"US","sp500","https://github.com/datasets/s-and-p-500-companies"
"Union Pacific Corporation",,"US","sp500","https://github.com/datasets/s-and-p-500-companies"
"United Airlines Holdings",,"US","sp500","https://github.com/datasets/s-and-p-500-companies"
"United Parcel Service",,"US","sp500","https://github.com/datasets/s-and-p-500-companies"
"United Rentals",,"US","sp500","https://github.com/datasets/s-and-p-500-companies"
"UnitedHealth Group",,"US","sp500","https://github.com/datasets/s-and-p-500-companies"
"Universal Health Services",,"US","sp500","https://github.com/datasets/s-and-p-500-companies"
"Valero Energy",,"US","sp500","https://github.com/datasets/s-and-p-500-companies"
"Ventas",,"US","sp500","https://github.com/datasets/s-and-p-500-companies"
"Veralto",,"US","sp500","https://github.com/datasets/s-and-p-500-companies"
"Verisign",,"US","sp500","https://github.com/datasets/s-and-p-500-companies"
"Verisk Analytics",,"US","sp500","https://github.com/datasets/s-and-p-500-companies"
"Verizon",,"US","sp500","https://github.com/datasets/s-and-p-500-companies"
"Vertex Pharmaceuticals",,"US","sp500","https://github.com/datasets/s-and-p-500-companies"
"Vertiv",,"US","sp500","https://github.com/datasets/s-and-p-500-companies"
"Viatris",,"US","sp500","https://github.com/datasets/s-and-p-500-companies"
"Vici Properties",,"US","sp500","https://github.com/datasets/s-and-p-500-companies"
"Visa Inc.",,"US","sp500","https://github.com/datasets/s-and-p-500-companies"
"Vistra Corp.",,"US","sp500","https://github.com/datasets/s-and-p-500-companies"
"Vulcan Materials Company",,"US","sp500","https://github.com/datasets/s-and-p-500-companies"
"W. R. Berkley Corporation",,"US","sp500","https://github.com/datasets/s-and-p-500-companies"
"W. W. Grainger",,"US","sp500","https://github.com/datasets/s-and-p-500-companies"
"Wabtec",,"US","sp500","https://github.com/datasets/s-and-p-500-companies"
"Walmart",,"US","sp500","https://github.com/datasets/s-and-p-500-companies"
"Walt Disney Company (The)",,"US","sp500","https://github.com/datasets/s-and-p-500-companies"
"Warner Bros. Discovery",,"US","sp500","https://github.com/datasets/s-and-p-500-companies"
"Waste Management",,"US","sp500","https://github.com/datasets/s-and-p-500-companies"
"Waters Corporation",,"US","sp500","https://github.com/datasets/s-and-p-500-companies"
"WEC Energy Group",,"US","sp500","https://github.com/datasets/s-and-p-500-companies"
"Wells Fargo",,"US","sp500","https://github.com/datasets/s-and-p-500-companies"
"Welltower",,"US","sp500","https://github.com/datasets/s-and-p-500-companies"
"West Pharmaceutical Services",,"US","sp500","https://github.com/datasets/s-and-p-500-companies"
"Western Digital",,"US","sp500","https://github.com/datasets/s-and-p-500-companies"
"Weyerhaeuser",,"US","sp500","https://github.com/datasets/s-and-p-500-companies"
"Williams-Sonoma, Inc.",,"US","sp500","https://github.com/datasets/s-and-p-500-companies"
"Williams Companies",,"US","sp500","https://github.com/datasets/s-and-p-500-companies"
"Willis Towers Watson",,"US","sp500","https://github.com/datasets/s-and-p-500-companies"
"Workday, Inc.",,"US","sp500","https://github.com/datasets/s-and-p-500-companies"
"Wynn Resorts",,"US","sp500","https://github.com/datasets/s-and-p-500-companies"
"Xcel Energy",,"US","sp500","https://github.com/datasets/s-and-p-500-companies"
"Xylem Inc.",,"US","sp500","https://github.com/datasets/s-and-p-500-companies"
"Yum! Brands",,"US","sp500","https://github.com/datasets/s-and-p-500-companies"
"Zebra Technologies",,"US","sp500","https://github.com/datasets/s-and-p-500-companies"
"Zimmer Biomet",,"US","sp500","https://github.com/datasets/s-and-p-500-companies"
"Zoetis",,"US","sp500","https://github.com/datasets/s-and-p-500-companies"
"ATA Creativity Global",,"US","nasdaq_listed","https://github.com/datasets/nasdaq-listings"
"American Airlines Group, Inc.",,"US","nasdaq_listed","https://github.com/datasets/nasdaq-listings"
"Atlantic American Corporation",,"US","nasdaq_listed","https://github.com/datasets/nasdaq-listings"
"Applied Optoelectronics, Inc.",,"US","nasdaq_listed","https://github.com/datasets/nasdaq-listings"
"AAON, Inc.",,"US","nasdaq_listed","https://github.com/datasets/nasdaq-listings"
"Ascentage Pharma Group International",,"US","nasdaq_listed","https://github.com/datasets/nasdaq-listings"
"Aardvark Therapeutics, Inc.",,"US","nasdaq_listed","https://github.com/datasets/nasdaq-listings"
"American Battery Technology Company",,"US","nasdaq_listed","https://github.com/datasets/nasdaq-listings"
"AbCellera Biologics Inc.",,"US","nasdaq_listed","https://github.com/datasets/nasdaq-listings"
"Abeona Therapeutics Inc.",,"US","nasdaq_listed","https://github.com/datasets/nasdaq-listings"
"Able View Global Inc.",,"US","nasdaq_listed","https://github.com/datasets/nasdaq-listings"
"Airbnb, Inc.",,"US","nasdaq_listed","https://github.com/datasets/nasdaq-listings"
"Acumen Pharmaceuticals, Inc.",,"US","nasdaq_listed","https://github.com/datasets/nasdaq-listings"
"Absci Corporation",,"US","nasdaq_listed","https://github.com/datasets/nasdaq-listings"
"American Bitcoin Corp.",,"US","nasdaq_listed","https://github.com/datasets/nasdaq-listings"
"Abits Group Inc",,"US","nasdaq_listed","https://github.com/datasets/nasdaq-listings"
"Arbutus Biopharma Corporation",,"US","nasdaq_listed","https://github.com/datasets/nasdaq-listings"
"ABVC BioPharma, Inc.",,"US","nasdaq_listed","https://github.com/datasets/nasdaq-listings"
"Above Food Ingredients Inc.",,"US","nasdaq_listed","https://github.com/datasets/nasdaq-listings"
"Abivax SA",,"US","nasdaq_listed","https://github.com/datasets/nasdaq-listings"
"ACADIA Pharmaceuticals Inc.",,"US","nasdaq_listed","https://github.com/datasets/nasdaq-listings"
"Aurora Cannabis Inc.",,"US","nasdaq_listed","https://github.com/datasets/nasdaq-listings"
"Acco Group Holdings Limited",,"US","nasdaq_listed","https://github.com/datasets/nasdaq-listings"
"ProFrac Holding Corp.",,"US","nasdaq_listed","https://github.com/datasets/nasdaq-listings"
"Adicet Bio, Inc.",,"US","nasdaq_listed","https://github.com/datasets/nasdaq-listings"
"Acorn Energy, Inc.",,"US","nasdaq_listed","https://github.com/datasets/nasdaq-listings"
"Arch Capital Group Ltd.",,"US","nasdaq_listed","https://github.com/datasets/nasdaq-listings"
"Acadia Healthcare Company, Inc.",,"US","nasdaq_listed","https://github.com/datasets/nasdaq-listings"
"Achieve Life Sciences, Inc.",,"US","nasdaq_listed","https://github.com/datasets/nasdaq-listings"
"American Coastal Insurance Corporation",,"US","nasdaq_listed","https://github.com/datasets/nasdaq-listings"
"AC Immune SA",,"US","nasdaq_listed","https://github.com/datasets/nasdaq-listings"
"ACI Worldwide, Inc.",,"US","nasdaq_listed","https://github.com/datasets/nasdaq-listings"
"Axcelis Technologies, Inc.",,"US","nasdaq_listed","https://github.com/datasets/nasdaq-listings"
"ACM Research, Inc.",,"US","nasdaq_listed","https://github.com/datasets/nasdaq-listings"
"ACNB Corporation",,"US","nasdaq_listed","https://github.com/datasets/nasdaq-listings"
"Ascent Industries Co.",,"US","nasdaq_listed","https://github.com/datasets/nasdaq-listings"
"Alpha Cognition Inc.",,"US","nasdaq_listed","https://github.com/datasets/nasdaq-listings"
"Aclarion, Inc.",,"US","nasdaq_listed","https://github.com/datasets/nasdaq-listings"
"Aclaris Therapeutics, Inc.",,"US","nasdaq_listed","https://github.com/datasets/nasdaq-listings"
"Acrivon Therapeutics, Inc.",,"US","nasdaq_listed","https://github.com/datasets/nasdaq-listings"
"Enact Holdings, Inc.",,"US","nasdaq_listed","https://github.com/datasets/nasdaq-listings"
"Acacia Research Corporation",,"US","nasdaq_listed","https://github.com/datasets/nasdaq-listings"
"Actuate Therapeutics, Inc.",,"US","nasdaq_listed","https://github.com/datasets/nasdaq-listings"
"Acurx Pharmaceuticals, Inc.",,"US","nasdaq_listed","https://github.com/datasets/nasdaq-listings"
"Adagene Inc.",,"US","nasdaq_listed","https://github.com/datasets/nasdaq-listings"
"Adamas Trust, Inc.",,"US","nasdaq_listed","https://github.com/datasets/nasdaq-listings"
"Adeia Inc.",,"US","nasdaq_listed","https://github.com/datasets/nasdaq-listings"
"Adagio Medical Holdings, Inc",,"US","nasdaq_listed","https://github.com/datasets/nasdaq-listings"
"Analog Devices, Inc.",,"US","nasdaq_listed","https://github.com/datasets/nasdaq-listings"
"Adial Pharmaceuticals, Inc",,"US","nasdaq_listed","https://github.com/datasets/nasdaq-listings"
"ADMA Biologics Inc",,"US","nasdaq_listed","https://github.com/datasets/nasdaq-listings"
"Automatic Data Processing, Inc.",,"US","nasdaq_listed","https://github.com/datasets/nasdaq-listings"
"Adaptive Biotechnologies Corporation",,"US","nasdaq_listed","https://github.com/datasets/nasdaq-listings"
"ADS-TEC ENERGY PLC",,"US","nasdaq_listed","https://github.com/datasets/nasdaq-listings"
"Autodesk, Inc.",,"US","nasdaq_listed","https://github.com/datasets/nasdaq-listings"
"ADTRAN Holdings, Inc.",,"US","nasdaq_listed","https://github.com/datasets/nasdaq-listings"
"Aditxt, Inc.",,"US","nasdaq_listed","https://github.com/datasets/nasdaq-listings"
"Aduro Clean Technologies Inc.",,"US","nasdaq_listed","https://github.com/datasets/nasdaq-listings"
"Addus HomeCare Corporation",,"US","nasdaq_listed","https://github.com/datasets/nasdaq-listings"
"Advantage Solutions Inc.",,"US","nasdaq_listed","https://github.com/datasets/nasdaq-listings"
"Advanced Biomed Inc.",,"US","nasdaq_listed","https://github.com/datasets/nasdaq-listings"
"Addex Therapeutics Ltd",,"US","nasdaq_listed","https://github.com/datasets/nasdaq-listings"
"Aebi Schmidt Holding AG",,"US","nasdaq_listed","https://github.com/datasets/nasdaq-listings"
"Anfield Energy Inc.",,"US","nasdaq_listed","https://github.com/datasets/nasdaq-listings"
"Antelope Enterprise Holdings Limited",,"US","nasdaq_listed","https://github.com/datasets/nasdaq-listings"
"Aehr Test Systems",,"US","nasdaq_listed","https://github.com/datasets/nasdaq-listings"
"Alset Inc.",,"US","nasdaq_listed","https://github.com/datasets/nasdaq-listings"
"Advanced Energy Industries, Inc.",,"US","nasdaq_listed","https://github.com/datasets/nasdaq-listings"
"Aethlon Medical, Inc.",,"US","nasdaq_listed","https://github.com/datasets/nasdaq-listings"
"Alliance Entertainment Holding Corporation",,"US","nasdaq_listed","https://github.com/datasets/nasdaq-listings"
"American Electric Power Company, Inc.",,"US","nasdaq_listed","https://github.com/datasets/nasdaq-listings"
"Aeries Technology, Inc.",,"US","nasdaq_listed","https://github.com/datasets/nasdaq-listings"
"Aeva Technologies, Inc.",,"US","nasdaq_listed","https://github.com/datasets/nasdaq-listings"
"AudioEye, Inc.",,"US","nasdaq_listed","https://github.com/datasets/nasdaq-listings"
"Affinity Bancshares, Inc.",,"US","nasdaq_listed","https://github.com/datasets/nasdaq-listings"
"Advanced Flower Capital Inc.",,"US","nasdaq_listed","https://github.com/datasets/nasdaq-listings"
"Aimei Health Technology Co., Ltd",,"US","nasdaq_listed","https://github.com/datasets/nasdaq-listings"
"Forafric Global PLC",,"US","nasdaq_listed","https://github.com/datasets/nasdaq-listings"
"Affirm Holdings, Inc.",,"US","nasdaq_listed","https://github.com/datasets/nasdaq-listings"
"Afya Limited",,"US","nasdaq_listed","https://github.com/datasets/nasdaq-listings"
"Allied Gaming & Entertainment Inc.",,"US","nasdaq_listed","https://github.com/datasets/nasdaq-listings"
"Agencia Comercial Spirits Ltd",,"US","nasdaq_listed","https://github.com/datasets/nasdaq-listings"
"Agenus Inc.",,"US","nasdaq_listed","https://github.com/datasets/nasdaq-listings"
"Aureus Greenway Holdings Inc.",,"US","nasdaq_listed","https://github.com/datasets/nasdaq-listings"
"Agios Pharmaceuticals, Inc.",,"US","nasdaq_listed","https://github.com/datasets/nasdaq-listings"
"AgomAb Therapeutics NV",,"US","nasdaq_listed","https://github.com/datasets/nasdaq-listings"
"AGM Group Holdings Inc.",,"US","nasdaq_listed","https://github.com/datasets/nasdaq-listings"
"AGNC Investment Corp.",,"US","nasdaq_listed","https://github.com/datasets/nasdaq-listings"
"Axe Compute Inc.",,"US","nasdaq_listed","https://github.com/datasets/nasdaq-listings"
"Agroz Inc.",,"US","nasdaq_listed","https://github.com/datasets/nasdaq-listings"
"Agilysys, Inc.",,"US","nasdaq_listed","https://github.com/datasets/nasdaq-listings"
"AdaptHealth Corp.",,"US","nasdaq_listed","https://github.com/datasets/nasdaq-listings"
"Akso Health Group",,"US","nasdaq_listed","https://github.com/datasets/nasdaq-listings"
"Ambitions Enterprise Management Co. L.L.C",,"US","nasdaq_listed","https://github.com/datasets/nasdaq-listings"
"20/20 Biolabs, Inc.",,"US","nasdaq_listed","https://github.com/datasets/nasdaq-listings"
"AI Financial Corporation",,"US","nasdaq_listed","https://github.com/datasets/nasdaq-listings"
"Firefly Neuroscience, Inc.",,"US","nasdaq_listed","https://github.com/datasets/nasdaq-listings"
"AIFU Inc.",,"US","nasdaq_listed","https://github.com/datasets/nasdaq-listings"
"Senmiao Technology Limited",,"US","nasdaq_listed","https://github.com/datasets/nasdaq-listings"
"Robo.ai Inc.",,"US","nasdaq_listed","https://github.com/datasets/nasdaq-listings"
"Ainos, Inc.",,"US","nasdaq_listed","https://github.com/datasets/nasdaq-listings"
"AIOS Tech Inc.",,"US","nasdaq_listed","https://github.com/datasets/nasdaq-listings"
"PowerFleet, Inc.",,"US","nasdaq_listed","https://github.com/datasets/nasdaq-listings"
"Arteris, Inc.",,"US","nasdaq_listed","https://github.com/datasets/nasdaq-listings"
"reAlpha Tech Corp.",,"US","nasdaq_listed","https://github.com/datasets/nasdaq-listings"
"Airgain, Inc.",,"US","nasdaq_listed","https://github.com/datasets/nasdaq-listings"
"AirJoule Technologies Corporation",,"US","nasdaq_listed","https://github.com/datasets/nasdaq-listings"
"AIRO Group Holdings, Inc.",,"US","nasdaq_listed","https://github.com/datasets/nasdaq-listings"
"AirSculpt Technologies, Inc.",,"US","nasdaq_listed","https://github.com/datasets/nasdaq-listings"
"Air T, Inc.",,"US","nasdaq_listed","https://github.com/datasets/nasdaq-listings"
"Airship AI Holdings, Inc",,"US","nasdaq_listed","https://github.com/datasets/nasdaq-listings"
"AIxCrypto Holdings, Inc.",,"US","nasdaq_listed","https://github.com/datasets/nasdaq-listings"
"XIAO-I Corporation",,"US","nasdaq_listed","https://github.com/datasets/nasdaq-listings"
"Akamai Technologies, Inc.",,"US","nasdaq_listed","https://github.com/datasets/nasdaq-listings"
"Akanda Corp.",,"US","nasdaq_listed","https://github.com/datasets/nasdaq-listings"
"Akebia Therapeutics, Inc.",,"US","nasdaq_listed","https://github.com/datasets/nasdaq-listings"
"Aktis Oncology, Inc.",,"US","nasdaq_listed","https://github.com/datasets/nasdaq-listings"
"Akari Therapeutics Plc",,"US","nasdaq_listed","https://github.com/datasets/nasdaq-listings"
"Astera Labs, Inc.",,"US","nasdaq_listed","https://github.com/datasets/nasdaq-listings"
"Alarum Technologies Ltd.",,"US","nasdaq_listed","https://github.com/datasets/nasdaq-listings"
"Avalon GloboCare Corp.",,"US","nasdaq_listed","https://github.com/datasets/nasdaq-listings"
"Alico, Inc.",,"US","nasdaq_listed","https://github.com/datasets/nasdaq-listings"
"Aldel Financial II Inc.",,"US","nasdaq_listed","https://github.com/datasets/nasdaq-listings"
"Aldeyra Therapeutics, Inc.",,"US","nasdaq_listed","https://github.com/datasets/nasdaq-listings"
"Alector, Inc.",,"US","nasdaq_listed","https://github.com/datasets/nasdaq-listings"
"Allegro MicroSystems, Inc.",,"US","nasdaq_listed","https://github.com/datasets/nasdaq-listings"
"Align Technology, Inc.",,"US","nasdaq_listed","https://github.com/datasets/nasdaq-listings"
"Aligos Therapeutics, Inc.",,"US","nasdaq_listed","https://github.com/datasets/nasdaq-listings"
"Allegiant Travel Company",,"US","nasdaq_listed","https://github.com/datasets/nasdaq-listings"
"Alignment Healthcare, Inc.",,"US","nasdaq_listed","https://github.com/datasets/nasdaq-listings"
"Alkermes plc",,"US","nasdaq_listed","https://github.com/datasets/nasdaq-listings"
"Alkami Technology, Inc.",,"US","nasdaq_listed","https://github.com/datasets/nasdaq-listings"
"Allogene Therapeutics, Inc.",,"US","nasdaq_listed","https://github.com/datasets/nasdaq-listings"
"Allarity Therapeutics, Inc.",,"US","nasdaq_listed","https://github.com/datasets/nasdaq-listings"
"Allot Ltd.",,"US","nasdaq_listed","https://github.com/datasets/nasdaq-listings"
"Almonty Industries Inc.",,"US","nasdaq_listed","https://github.com/datasets/nasdaq-listings"
"Alamar Biosciences, Inc.",,"US","nasdaq_listed","https://github.com/datasets/nasdaq-listings"
"Alumis Inc.",,"US","nasdaq_listed","https://github.com/datasets/nasdaq-listings"
"Aeluma, Inc.",,"US","nasdaq_listed","https://github.com/datasets/nasdaq-listings"
"Allient Inc.",,"US","nasdaq_listed","https://github.com/datasets/nasdaq-listings"
"Alnylam Pharmaceuticals, Inc.",,"US","nasdaq_listed","https://github.com/datasets/nasdaq-listings"
"AstroNova, Inc.",,"US","nasdaq_listed","https://github.com/datasets/nasdaq-listings"
"REalloys Inc.",,"US","nasdaq_listed","https://github.com/datasets/nasdaq-listings"
"Alpha Compute Corp",,"US","nasdaq_listed","https://github.com/datasets/nasdaq-listings"
"ALPS Group Inc",,"US","nasdaq_listed","https://github.com/datasets/nasdaq-listings"
"Alarm.com Holdings, Inc.",,"US","nasdaq_listed","https://github.com/datasets/nasdaq-listings"
"Alerus Financial Corporation",,"US","nasdaq_listed","https://github.com/datasets/nasdaq-listings"
"Altimmune, Inc.",,"US","nasdaq_listed","https://github.com/datasets/nasdaq-listings"
"AlTi Global, Inc.",,"US","nasdaq_listed","https://github.com/datasets/nasdaq-listings"
"Alto Ingredients, Inc.",,"US","nasdaq_listed","https://github.com/datasets/nasdaq-listings"
"Alvotech",,"US","nasdaq_listed","https://github.com/datasets/nasdaq-listings"
"ALX Oncology Holdings Inc.",,"US","nasdaq_listed","https://github.com/datasets/nasdaq-listings"
"Alzamend Neuro, Inc.",,"US","nasdaq_listed","https://github.com/datasets/nasdaq-listings"
"Amalgamated Financial Corp.",,"US","nasdaq_listed","https://github.com/datasets/nasdaq-listings"
"Applied Materials, Inc.",,"US","nasdaq_listed","https://github.com/datasets/nasdaq-listings"
"Ambarella, Inc.",,"US","nasdaq_listed","https://github.com/datasets/nasdaq-listings"
"Amber International Holding Limited",,"US","nasdaq_listed","https://github.com/datasets/nasdaq-listings"
"AMC Robotics Corporation",,"US","nasdaq_listed","https://github.com/datasets/nasdaq-listings"
"AMC Global Media Inc.",,"US","nasdaq_listed","https://github.com/datasets/nasdaq-listings"
"Advanced Micro Devices, Inc.",,"US","nasdaq_listed","https://github.com/datasets/nasdaq-listings"
"Amgen Inc.",,"US","nasdaq_listed","https://github.com/datasets/nasdaq-listings"
"Autonomix Medical, Inc.",,"US","nasdaq_listed","https://github.com/datasets/nasdaq-listings"
"Amkor Technology, Inc.",,"US","nasdaq_listed","https://github.com/datasets/nasdaq-listings"
"Amylyx Pharmaceuticals, Inc.",,"US","nasdaq_listed","https://github.com/datasets/nasdaq-listings"
"Alpha Modus Holdings, Inc.",,"US","nasdaq_listed","https://github.com/datasets/nasdaq-listings"
"Amplitech Group, Inc.",,"US","nasdaq_listed","https://github.com/datasets/nasdaq-listings"
"Amphastar Pharmaceuticals, Inc.",,"US","nasdaq_listed","https://github.com/datasets/nasdaq-listings"
"Amplitude, Inc.",,"US","nasdaq_listed","https://github.com/datasets/nasdaq-listings"
"Amarin Corporation plc",,"US","nasdaq_listed","https://github.com/datasets/nasdaq-listings"
"Amneal Pharmaceuticals, Inc.",,"US","nasdaq_listed","https://github.com/datasets/nasdaq-listings"
"American Superconductor Corporation",,"US","nasdaq_listed","https://github.com/datasets/nasdaq-listings"
"AMERISAFE, Inc.",,"US","nasdaq_listed","https://github.com/datasets/nasdaq-listings"
"Amesite Inc.",,"US","nasdaq_listed","https://github.com/datasets/nasdaq-listings"
"Aemetis, Inc",,"US","nasdaq_listed","https://github.com/datasets/nasdaq-listings"
"American Woodmark Corporation",,"US","nasdaq_listed","https://github.com/datasets/nasdaq-listings"
"Amazon.com, Inc.",,"US","nasdaq_listed","https://github.com/datasets/nasdaq-listings"
"AnaptysBio, Inc.",,"US","nasdaq_listed","https://github.com/datasets/nasdaq-listings"
"The Andersons, Inc.",,"US","nasdaq_listed","https://github.com/datasets/nasdaq-listings"
"Anghami Inc.",,"US","nasdaq_listed","https://github.com/datasets/nasdaq-listings"
"Angi Inc.",,"US","nasdaq_listed","https://github.com/datasets/nasdaq-listings"
"AngioDynamics, Inc.",,"US","nasdaq_listed","https://github.com/datasets/nasdaq-listings"
"Anika Therapeutics Inc.",,"US","nasdaq_listed","https://github.com/datasets/nasdaq-listings"
"ANI Pharmaceuticals, Inc.",,"US","nasdaq_listed","https://github.com/datasets/nasdaq-listings"
"Anixa Biosciences, Inc.",,"US","nasdaq_listed","https://github.com/datasets/nasdaq-listings"
"Adlai Nortye Ltd.",,"US","nasdaq_listed","https://github.com/datasets/nasdaq-listings"
"AleAnna, Inc.",,"US","nasdaq_listed","https://github.com/datasets/nasdaq-listings"
"Annexon, Inc.",,"US","nasdaq_listed","https://github.com/datasets/nasdaq-listings"
"Rich Sparkle Holdings Limited",,"US","nasdaq_listed","https://github.com/datasets/nasdaq-listings"
"Antalpha Platform Holding Company",,"US","nasdaq_listed","https://github.com/datasets/nasdaq-listings"
"AN2 Therapeutics, Inc.",,"US","nasdaq_listed","https://github.com/datasets/nasdaq-listings"
"Sphere 3D Corp.",,"US","nasdaq_listed","https://github.com/datasets/nasdaq-listings"
"Alpha and Omega Semiconductor Limited",,"US","nasdaq_listed","https://github.com/datasets/nasdaq-listings"
"American Outdoor Brands, Inc.",,"US","nasdaq_listed","https://github.com/datasets/nasdaq-listings"
"ARKO Petroleum Corp.",,"US","nasdaq_listed","https://github.com/datasets/nasdaq-listings"
"American Public Education, Inc.",,"US","nasdaq_listed","https://github.com/datasets/nasdaq-listings"
"Apogee Therapeutics, Inc.",,"US","nasdaq_listed","https://github.com/datasets/nasdaq-listings"
"Agora, Inc.",,"US","nasdaq_listed","https://github.com/datasets/nasdaq-listings"
"Applied Digital Corporation",,"US","nasdaq_listed","https://github.com/datasets/nasdaq-listings"
"Apollomics Inc.",,"US","nasdaq_listed","https://github.com/datasets/nasdaq-listings"
"Apellis Pharmaceuticals, Inc.",,"US","nasdaq_listed","https://github.com/datasets/nasdaq-listings"
"Aptorum Group Limited",,"US","nasdaq_listed","https://github.com/datasets/nasdaq-listings"
"Apogee Enterprises, Inc.",,"US","nasdaq_listed","https://github.com/datasets/nasdaq-listings"
"Applovin Corporation",,"US","nasdaq_listed","https://github.com/datasets/nasdaq-listings"
"AppFolio, Inc.",,"US","nasdaq_listed","https://github.com/datasets/nasdaq-listings"
"Appian Corporation",,"US","nasdaq_listed","https://github.com/datasets/nasdaq-listings"
"Digital Turbine, Inc.",,"US","nasdaq_listed","https://github.com/datasets/nasdaq-listings"
"Aprea Therapeutics, Inc.",,"US","nasdaq_listed","https://github.com/datasets/nasdaq-listings"
"Aptevo Therapeutics Inc.",,"US","nasdaq_listed","https://github.com/datasets/nasdaq-listings"
"Asia Pacific Wire & Cable Corporation Limited",,"US","nasdaq_listed","https://github.com/datasets/nasdaq-listings"
"Apex Treasury Corporation",,"US","nasdaq_listed","https://github.com/datasets/nasdaq-listings"
"Apyx Medical Corporation",,"US","nasdaq_listed","https://github.com/datasets/nasdaq-listings"
"AquaBounty Technologies, Inc.",,"US","nasdaq_listed","https://github.com/datasets/nasdaq-listings"
"Aqua Metals, Inc.",,"US","nasdaq_listed","https://github.com/datasets/nasdaq-listings"
"Aquestive Therapeutics, Inc.",,"US","nasdaq_listed","https://github.com/datasets/nasdaq-listings"
"Arrive AI Inc.",,"US","nasdaq_listed","https://github.com/datasets/nasdaq-listings"
"Accuray Incorporated",,"US","nasdaq_listed","https://github.com/datasets/nasdaq-listings"
"ARB IOT Group Limited",,"US","nasdaq_listed","https://github.com/datasets/nasdaq-listings"
"Arbe Robotics Ltd.",,"US","nasdaq_listed","https://github.com/datasets/nasdaq-listings"
"Argo Blockchain plc",,"US","nasdaq_listed","https://github.com/datasets/nasdaq-listings"
"ArcBest Corporation",,"US","nasdaq_listed","https://github.com/datasets/nasdaq-listings"
"Ares Capital Corporation",,"US","nasdaq_listed","https://github.com/datasets/nasdaq-listings"
"Archimedes Tech SPAC Partners III Co.",,"US","nasdaq_listed","https://github.com/datasets/nasdaq-listings"
"Arcturus Therapeutics Holdings Inc.",,"US","nasdaq_listed","https://github.com/datasets/nasdaq-listings"
"Ardelyx, Inc.",,"US","nasdaq_listed","https://github.com/datasets/nasdaq-listings"
"American Rebel Holdings, Inc.",,"US","nasdaq_listed","https://github.com/datasets/nasdaq-listings"
"American Resources Corporation",,"US","nasdaq_listed","https://github.com/datasets/nasdaq-listings"
"argenx SE",,"US","nasdaq_listed","https://github.com/datasets/nasdaq-listings"
"Arhaus, Inc.",,"US","nasdaq_listed","https://github.com/datasets/nasdaq-listings"
"ARKO Corp.",,"US","nasdaq_listed","https://github.com/datasets/nasdaq-listings"
"Ark Restaurants Corp.",,"US","nasdaq_listed","https://github.com/datasets/nasdaq-listings"
"Alliance Resource Partners, L.P.",,"US","nasdaq_listed","https://github.com/datasets/nasdaq-listings"
"Arm Holdings plc",,"US","nasdaq_listed","https://github.com/datasets/nasdaq-listings"
"Arrow Financial Corporation",,"US","nasdaq_listed","https://github.com/datasets/nasdaq-listings"
"Arq, Inc.",,"US","nasdaq_listed","https://github.com/datasets/nasdaq-listings"
"Arqit Quantum Inc.",,"US","nasdaq_listed","https://github.com/datasets/nasdaq-listings"
"Arcutis Biotherapeutics, Inc.",,"US","nasdaq_listed","https://github.com/datasets/nasdaq-listings"
"Array Technologies, Inc.",,"US","nasdaq_listed","https://github.com/datasets/nasdaq-listings"
"Artelo Biosciences, Inc.",,"US","nasdaq_listed","https://github.com/datasets/nasdaq-listings"
"Artesian Resources Corporation",,"US","nasdaq_listed","https://github.com/datasets/nasdaq-listings"
"Artiva Biotherapeutics, Inc.",,"US","nasdaq_listed","https://github.com/datasets/nasdaq-listings"
"Art's-Way Manufacturing Co., Inc.",,"US","nasdaq_listed","https://github.com/datasets/nasdaq-listings"
"Arvinas, Inc.",,"US","nasdaq_listed","https://github.com/datasets/nasdaq-listings"
"Arrowhead Pharmaceuticals, Inc.",,"US","nasdaq_listed","https://github.com/datasets/nasdaq-listings"
"Arxis, Inc.",,"US","nasdaq_listed","https://github.com/datasets/nasdaq-listings"
"Aspire Biopharma Holdings, Inc.",,"US","nasdaq_listed","https://github.com/datasets/nasdaq-listings"
"AerSale Corporation",,"US","nasdaq_listed","https://github.com/datasets/nasdaq-listings"
"Assembly Biosciences, Inc.",,"US","nasdaq_listed","https://github.com/datasets/nasdaq-listings"
"ASML Holding N.V.",,"US","nasdaq_listed","https://github.com/datasets/nasdaq-listings"
"Ascendis Pharma A/S",,"US","nasdaq_listed","https://github.com/datasets/nasdaq-listings"
"Academy Sports and Outdoors, Inc.",,"US","nasdaq_listed","https://github.com/datasets/nasdaq-listings"
"ASP Isotopes Inc.",,"US","nasdaq_listed","https://github.com/datasets/nasdaq-listings"
"Altisource Portfolio Solutions S.A.",,"US","nasdaq_listed","https://github.com/datasets/nasdaq-listings"
"Assertio Holdings, Inc.",,"US","nasdaq_listed","https://github.com/datasets/nasdaq-listings"
"AmeriServ Financial Inc.",,"US","nasdaq_listed","https://github.com/datasets/nasdaq-listings"
"Strive, Inc.",,"US","nasdaq_listed","https://github.com/datasets/nasdaq-listings"
"Astrotech Corporation",,"US","nasdaq_listed","https://github.com/datasets/nasdaq-listings"
"Astec Industries, Inc.",,"US","nasdaq_listed","https://github.com/datasets/nasdaq-listings"
"Astrana Health Inc.",,"US","nasdaq_listed","https://github.com/datasets/nasdaq-listings"
"Ascent Solar Technologies, Inc",,"US","nasdaq_listed","https://github.com/datasets/nasdaq-listings"
"Algoma Steel Group Inc.",,"US","nasdaq_listed","https://github.com/datasets/nasdaq-listings"
"AST SpaceMobile, Inc.",,"US","nasdaq_listed","https://github.com/datasets/nasdaq-listings"
"Asure Software Inc",,"US","nasdaq_listed","https://github.com/datasets/nasdaq-listings"
"Amtech Systems, Inc.",,"US","nasdaq_listed","https://github.com/datasets/nasdaq-listings"
"AtaiBeckley Inc.",,"US","nasdaq_listed","https://github.com/datasets/nasdaq-listings"
"Atour Lifestyle Holdings Limited",,"US","nasdaq_listed","https://github.com/datasets/nasdaq-listings"
"Atlas Critical Minerals Corporation",,"US","nasdaq_listed","https://github.com/datasets/nasdaq-listings"
"Alphatec Holdings, Inc.",,"US","nasdaq_listed","https://github.com/datasets/nasdaq-listings"
"Aterian, Inc.",,"US","nasdaq_listed","https://github.com/datasets/nasdaq-listings"
"Anterix Inc.",,"US","nasdaq_listed","https://github.com/datasets/nasdaq-listings"
"Alpha Technology Group Limited",,"US","nasdaq_listed","https://github.com/datasets/nasdaq-listings"
"Alterity Therapeutics Limited",,"US","nasdaq_listed","https://github.com/datasets/nasdaq-listings"
"Aether Holdings, Inc.",,"US","nasdaq_listed","https://github.com/datasets/nasdaq-listings"
"Archimedes Tech SPAC Partners II Co.",,"US","nasdaq_listed","https://github.com/datasets/nasdaq-listings"
"Atlanticus Holdings Corporation",,"US","nasdaq_listed","https://github.com/datasets/nasdaq-listings"
"Atlantic International Corp.",,"US","nasdaq_listed","https://github.com/datasets/nasdaq-listings"
"Ames National Corporation",,"US","nasdaq_listed","https://github.com/datasets/nasdaq-listings"
"Atlas Lithium Corporation",,"US","nasdaq_listed","https://github.com/datasets/nasdaq-listings"
"ATN International, Inc.",,"US","nasdaq_listed","https://github.com/datasets/nasdaq-listings"
"Atomera Incorporated",,"US","nasdaq_listed","https://github.com/datasets/nasdaq-listings"
"Atossa Therapeutics, Inc.",,"US","nasdaq_listed","https://github.com/datasets/nasdaq-listings"
"Agape ATP Corporation",,"US","nasdaq_listed","https://github.com/datasets/nasdaq-listings"
"Atara Biotherapeutics, Inc.",,"US","nasdaq_listed","https://github.com/datasets/nasdaq-listings"
"AtriCure, Inc.",,"US","nasdaq_listed","https://github.com/datasets/nasdaq-listings"
"Astronics Corporation",,"US","nasdaq_listed","https://github.com/datasets/nasdaq-listings"
"Addentax Group Corp.",,"US","nasdaq_listed","https://github.com/datasets/nasdaq-listings"
"aTyr Pharma, Inc.",,"US","nasdaq_listed","https://github.com/datasets/nasdaq-listings"
"Auburn National Bancorporation, Inc.",,"US","nasdaq_listed","https://github.com/datasets/nasdaq-listings"
"AudioCodes Ltd.",,"US","nasdaq_listed","https://github.com/datasets/nasdaq-listings"
"Aura Minerals Inc.",,"US","nasdaq_listed","https://github.com/datasets/nasdaq-listings"
"authID Inc.",,"US","nasdaq_listed","https://github.com/datasets/nasdaq-listings"
"Aurinia Pharmaceuticals Inc",,"US","nasdaq_listed","https://github.com/datasets/nasdaq-listings"
"Aurora Innovation, Inc.",,"US","nasdaq_listed","https://github.com/datasets/nasdaq-listings"
"Aura Biosciences, Inc.",,"US","nasdaq_listed","https://github.com/datasets/nasdaq-listings"
"Aurelion Inc.",,"US","nasdaq_listed","https://github.com/datasets/nasdaq-listings"
"Autolus Therapeutics plc",,"US","nasdaq_listed","https://github.com/datasets/nasdaq-listings"
"Auddia Inc.",,"US","nasdaq_listed","https://github.com/datasets/nasdaq-listings"
"Aveanna Healthcare Holdings Inc.",,"US","nasdaq_listed","https://github.com/datasets/nasdaq-listings"
"AeroVironment, Inc.",,"US","nasdaq_listed","https://github.com/datasets/nasdaq-listings"
"Avidbank Holdings, Inc.",,"US","nasdaq_listed","https://github.com/datasets/nasdaq-listings"
"ArriVent BioPharma, Inc.",,"US","nasdaq_listed","https://github.com/datasets/nasdaq-listings"
"Broadcom Inc.",,"US","nasdaq_listed","https://github.com/datasets/nasdaq-listings"
"Atea Pharmaceuticals, Inc.",,"US","nasdaq_listed","https://github.com/datasets/nasdaq-listings"
"Avalyn Pharma Inc.",,"US","nasdaq_listed","https://github.com/datasets/nasdaq-listings"
"Aviat Networks, Inc.",,"US","nasdaq_listed","https://github.com/datasets/nasdaq-listings"
"Mission Produce, Inc.",,"US","nasdaq_listed","https://github.com/datasets/nasdaq-listings"
"AvePoint, Inc.",,"US","nasdaq_listed","https://github.com/datasets/nasdaq-listings"
"Anteris Technologies Global Corp.",,"US","nasdaq_listed","https://github.com/datasets/nasdaq-listings"
"Avnet, Inc.",,"US","nasdaq_listed","https://github.com/datasets/nasdaq-listings"
"Avalo Therapeutics, Inc.",,"US","nasdaq_listed","https://github.com/datasets/nasdaq-listings"
"Avax One Technology Ltd.",,"US","nasdaq_listed","https://github.com/datasets/nasdaq-listings"
"Anavex Life Sciences Corp.",,"US","nasdaq_listed","https://github.com/datasets/nasdaq-listings"
"Aware, Inc.",,"US","nasdaq_listed","https://github.com/datasets/nasdaq-listings"
"Solowin Holdings",,"US","nasdaq_listed","https://github.com/datasets/nasdaq-listings"
"Axogen, Inc.",,"US","nasdaq_listed","https://github.com/datasets/nasdaq-listings"
"Axon Enterprise, Inc.",,"US","nasdaq_listed","https://github.com/datasets/nasdaq-listings"
"Axsome Therapeutics, Inc.",,"US","nasdaq_listed","https://github.com/datasets/nasdaq-listings"
"AXT Inc",,"US","nasdaq_listed","https://github.com/datasets/nasdaq-listings"
"Aytu BioPharma, Inc.",,"US","nasdaq_listed","https://github.com/datasets/nasdaq-listings"
"A2Z Cust2Mate Solutions Corp.",,"US","nasdaq_listed","https://github.com/datasets/nasdaq-listings"
"Autozi Internet Technology (Global) Ltd.",,"US","nasdaq_listed","https://github.com/datasets/nasdaq-listings"
"Azenta, Inc.",,"US","nasdaq_listed","https://github.com/datasets/nasdaq-listings"
"Bridger Aerospace Group Holdings, Inc.",,"US","nasdaq_listed","https://github.com/datasets/nasdaq-listings"
"BayFirst Financial Corp.",,"US","nasdaq_listed","https://github.com/datasets/nasdaq-listings"
"Bandwidth Inc.",,"US","nasdaq_listed","https://github.com/datasets/nasdaq-listings"
"BancFirst Corporation",,"US","nasdaq_listed","https://github.com/datasets/nasdaq-listings"
"CBL International Limited",,"US","nasdaq_listed","https://github.com/datasets/nasdaq-listings"
"Banner Corporation",,"US","nasdaq_listed","https://github.com/datasets/nasdaq-listings"
"ArrowMark Financial Corp.",,"US","nasdaq_listed","https://github.com/datasets/nasdaq-listings"
"Baosheng Media Group Holdings Limited",,"US","nasdaq_listed","https://github.com/datasets/nasdaq-listings"
"Atlanta Braves Holdings, Inc.",,"US","nasdaq_listed","https://github.com/datasets/nasdaq-listings"
"Concrete Pumping Holdings, Inc.",,"US","nasdaq_listed","https://github.com/datasets/nasdaq-listings"
"Beasley Broadcast Group, Inc.",,"US","nasdaq_listed","https://github.com/datasets/nasdaq-listings"
"BridgeBio Pharma, Inc.",,"US","nasdaq_listed","https://github.com/datasets/nasdaq-listings"
"Bone Biologics Corp",,"US","nasdaq_listed","https://github.com/datasets/nasdaq-listings"
"Beta Bionics, Inc.",,"US","nasdaq_listed","https://github.com/datasets/nasdaq-listings"
"BridgeBio Oncology Therapeutics, Inc.",,"US","nasdaq_listed","https://github.com/datasets/nasdaq-listings"
"Barrett Business Services, Inc.",,"US","nasdaq_listed","https://github.com/datasets/nasdaq-listings"
"BioAtla, Inc.",,"US","nasdaq_listed","https://github.com/datasets/nasdaq-listings"
"California BanCorp",,"US","nasdaq_listed","https://github.com/datasets/nasdaq-listings"
"Bicara Therapeutics Inc.",,"US","nasdaq_listed","https://github.com/datasets/nasdaq-listings"
"BCB Bancorp, Inc. (NJ)",,"US","nasdaq_listed","https://github.com/datasets/nasdaq-listings"
"BioCardia, Inc.",,"US","nasdaq_listed","https://github.com/datasets/nasdaq-listings"
"Binah Capital Group, Inc.",,"US","nasdaq_listed","https://github.com/datasets/nasdaq-listings"
"BCP Investment Corporation",,"US","nasdaq_listed","https://github.com/datasets/nasdaq-listings"
"BayCom Corp",,"US","nasdaq_listed","https://github.com/datasets/nasdaq-listings"
"Balchem Corporation",,"US","nasdaq_listed","https://github.com/datasets/nasdaq-listings"
"BioCryst Pharmaceuticals, Inc.",,"US","nasdaq_listed","https://github.com/datasets/nasdaq-listings"
"BriaCell Therapeutics Corp.",,"US","nasdaq_listed","https://github.com/datasets/nasdaq-listings"
"Bicycle Therapeutics plc",,"US","nasdaq_listed","https://github.com/datasets/nasdaq-listings"
"BTC Development Corp.",,"US","nasdaq_listed","https://github.com/datasets/nasdaq-listings"
"Baird Medical Investment Holdings Ltd",,"US","nasdaq_listed","https://github.com/datasets/nasdaq-listings"
"Biodexa Pharmaceuticals plc",,"US","nasdaq_listed","https://github.com/datasets/nasdaq-listings"
"Biodesix, Inc.",,"US","nasdaq_listed","https://github.com/datasets/nasdaq-listings"
"Black Diamond Therapeutics, Inc.",,"US","nasdaq_listed","https://github.com/datasets/nasdaq-listings"
"Beam Therapeutics Inc.",,"US","nasdaq_listed","https://github.com/datasets/nasdaq-listings"
"Heartbeam, Inc.",,"US","nasdaq_listed","https://github.com/datasets/nasdaq-listings"
"Beam Global",,"US","nasdaq_listed","https://github.com/datasets/nasdaq-listings"
"Mobile Infrastructure Corporation",,"US","nasdaq_listed","https://github.com/datasets/nasdaq-listings"
"Bel Fuse Inc.",,"US","nasdaq_listed","https://github.com/datasets/nasdaq-listings"
"Beneficient",,"US","nasdaq_listed","https://github.com/datasets/nasdaq-listings"
"Better Home & Finance Holding Company",,"US","nasdaq_listed","https://github.com/datasets/nasdaq-listings"
"Bank First Corporation",,"US","nasdaq_listed","https://github.com/datasets/nasdaq-listings"
"Bullfrog AI Holdings, Inc.",,"US","nasdaq_listed","https://github.com/datasets/nasdaq-listings"
"Biofrontera Inc.",,"US","nasdaq_listed","https://github.com/datasets/nasdaq-listings"
"Business First Bancshares, Inc.",,"US","nasdaq_listed","https://github.com/datasets/nasdaq-listings"
"BGC Group, Inc.",,"US","nasdaq_listed","https://github.com/datasets/nasdaq-listings"
"Big Digital Energy, Inc.",,"US","nasdaq_listed","https://github.com/datasets/nasdaq-listings"
"Bgin Blockchain Limited",,"US","nasdaq_listed","https://github.com/datasets/nasdaq-listings"
"Blue Gold Limited",,"US","nasdaq_listed","https://github.com/datasets/nasdaq-listings"
"BioNexus Gene Lab Corp",,"US","nasdaq_listed","https://github.com/datasets/nasdaq-listings"
"BGM Group Ltd.",,"US","nasdaq_listed","https://github.com/datasets/nasdaq-listings"
"Bio Green Med Solution, Inc.",,"US","nasdaq_listed","https://github.com/datasets/nasdaq-listings"
"Brighthouse Financial, Inc.",,"US","nasdaq_listed","https://github.com/datasets/nasdaq-listings"
"Burke & Herbert Financial Services Corp.",,"US","nasdaq_listed","https://github.com/datasets/nasdaq-listings"
"BioHarvest Sciences Inc.",,"US","nasdaq_listed","https://github.com/datasets/nasdaq-listings"
"bioAffinity Technologies, Inc.",,"US","nasdaq_listed","https://github.com/datasets/nasdaq-listings"
"Baidu, Inc.",,"US","nasdaq_listed","https://github.com/datasets/nasdaq-listings"
"Biogen Inc.",,"US","nasdaq_listed","https://github.com/datasets/nasdaq-listings"
"Bilibili Inc.",,"US","nasdaq_listed","https://github.com/datasets/nasdaq-listings"
"BioAge Labs, Inc.",,"US","nasdaq_listed","https://github.com/datasets/nasdaq-listings"
"Bioceres Crop Solutions Corp.",,"US","nasdaq_listed","https://github.com/datasets/nasdaq-listings"
"Allbirds, Inc.",,"US","nasdaq_listed","https://github.com/datasets/nasdaq-listings"
"BioVie Inc.",,"US","nasdaq_listed","https://github.com/datasets/nasdaq-listings"
"Baiya International Group Inc.",,"US","nasdaq_listed","https://github.com/datasets/nasdaq-listings"
"Bluejay Diagnostics, Inc.",,"US","nasdaq_listed","https://github.com/datasets/nasdaq-listings"
"BJ's Restaurants, Inc.",,"US","nasdaq_listed","https://github.com/datasets/nasdaq-listings"
"Booking Holdings Inc.",,"US","nasdaq_listed","https://github.com/datasets/nasdaq-listings"
"Baker Hughes Company",,"US","nasdaq_listed","https://github.com/datasets/nasdaq-listings"
"BIO-key International, Inc.",,"US","nasdaq_listed","https://github.com/datasets/nasdaq-listings"
"BlackLine, Inc.",,"US","nasdaq_listed","https://github.com/datasets/nasdaq-listings"
"Blue Bird Corporation",,"US","nasdaq_listed","https://github.com/datasets/nasdaq-listings"
"Ballard Power Systems, Inc.",,"US","nasdaq_listed","https://github.com/datasets/nasdaq-listings"
"BioLife Solutions, Inc.",,"US","nasdaq_listed","https://github.com/datasets/nasdaq-listings"
"Bridgeline Digital, Inc.",,"US","nasdaq_listed","https://github.com/datasets/nasdaq-listings"
"BeLive Holdings",,"US","nasdaq_listed","https://github.com/datasets/nasdaq-listings"
"Blackbaud, Inc.",,"US","nasdaq_listed","https://github.com/datasets/nasdaq-listings"
"BillionToOne, Inc.",,"US","nasdaq_listed","https://github.com/datasets/nasdaq-listings"
"Bloomin' Brands, Inc.",,"US","nasdaq_listed","https://github.com/datasets/nasdaq-listings"
"Beeline Holdings, Inc.",,"US","nasdaq_listed","https://github.com/datasets/nasdaq-listings"
"Blink Charging Co.",,"US","nasdaq_listed","https://github.com/datasets/nasdaq-listings"
"BioLineRx Ltd.",,"US","nasdaq_listed","https://github.com/datasets/nasdaq-listings"
"Belite Bio, Inc",,"US","nasdaq_listed","https://github.com/datasets/nasdaq-listings"
"Backblaze, Inc.",,"US","nasdaq_listed","https://github.com/datasets/nasdaq-listings"
"Bumble Inc.",,"US","nasdaq_listed","https://github.com/datasets/nasdaq-listings"
"Biomea Fusion, Inc.",,"US","nasdaq_listed","https://github.com/datasets/nasdaq-listings"
"Basel Medical Group Ltd",,"US","nasdaq_listed","https://github.com/datasets/nasdaq-listings"
"Bluemount Holdings Limited",,"US","nasdaq_listed","https://github.com/datasets/nasdaq-listings"
"Blue Moon Metals Inc.",,"US","nasdaq_listed","https://github.com/datasets/nasdaq-listings"
"Beamr Imaging Ltd.",,"US","nasdaq_listed","https://github.com/datasets/nasdaq-listings"
"Biomerica, Inc.",,"US","nasdaq_listed","https://github.com/datasets/nasdaq-listings"
"Bank of Marin Bancorp",,"US","nasdaq_listed","https://github.com/datasets/nasdaq-listings"
"BioMarin Pharmaceutical Inc.",,"US","nasdaq_listed","https://github.com/datasets/nasdaq-listings"
"Brand Engagement Network Inc.",,"US","nasdaq_listed","https://github.com/datasets/nasdaq-listings"
"BNB Plus Corp.",,"US","nasdaq_listed","https://github.com/datasets/nasdaq-listings"
"CEA Industries Inc.",,"US","nasdaq_listed","https://github.com/datasets/nasdaq-listings"
"Bionano Genomics, Inc.",,"US","nasdaq_listed","https://github.com/datasets/nasdaq-listings"
"Bonk, Inc.",,"US","nasdaq_listed","https://github.com/datasets/nasdaq-listings"
"Burning Rock Biotech Limited",,"US","nasdaq_listed","https://github.com/datasets/nasdaq-listings"
"Brenmiller Energy Ltd",,"US","nasdaq_listed","https://github.com/datasets/nasdaq-listings"
"Benitec Biopharma Inc.",,"US","nasdaq_listed","https://github.com/datasets/nasdaq-listings"
"BioNTech SE",,"US","nasdaq_listed","https://github.com/datasets/nasdaq-listings"
"Banzai International, Inc.",,"US","nasdaq_listed","https://github.com/datasets/nasdaq-listings"
"The Beachbody Company, Inc.",,"US","nasdaq_listed","https://github.com/datasets/nasdaq-listings"
"BranchOut Food Inc.",,"US","nasdaq_listed","https://github.com/datasets/nasdaq-listings"
"BOK Financial Corporation",,"US","nasdaq_listed","https://github.com/datasets/nasdaq-listings"
"Boundless Bio, Inc.",,"US","nasdaq_listed","https://github.com/datasets/nasdaq-listings"
"Bolt Biotherapeutics, Inc.",,"US","nasdaq_listed","https://github.com/datasets/nasdaq-listings"
"Bon Natural Life Limited",,"US","nasdaq_listed","https://github.com/datasets/nasdaq-listings"
"DMC Global Inc.",,"US","nasdaq_listed","https://github.com/datasets/nasdaq-listings"
"B.O.S. Better Online Solutions",,"US","nasdaq_listed","https://github.com/datasets/nasdaq-listings"
"Bank of the James Financial Group, Inc.",,"US","nasdaq_listed","https://github.com/datasets/nasdaq-listings"
"Boxlight Corporation",,"US","nasdaq_listed","https://github.com/datasets/nasdaq-listings"
"Popular, Inc.",,"US","nasdaq_listed","https://github.com/datasets/nasdaq-listings"
"Princeton Bancorp, Inc.",,"US","nasdaq_listed","https://github.com/datasets/nasdaq-listings"
"Brookfield Property Partners L.P.",,"US","nasdaq_listed","https://github.com/datasets/nasdaq-listings"
"Bragg Gaming Group Inc.",,"US","nasdaq_listed","https://github.com/datasets/nasdaq-listings"
"Braiin Limited",,"US","nasdaq_listed","https://github.com/datasets/nasdaq-listings"
"BRBI BR Partners S.A.",,"US","nasdaq_listed","https://github.com/datasets/nasdaq-listings"
"Black Rock Coffee Bar, Inc.",,"US","nasdaq_listed","https://github.com/datasets/nasdaq-listings"
"Barfresh Food Group Inc.",,"US","nasdaq_listed","https://github.com/datasets/nasdaq-listings"
"Bridgford Foods Corporation",,"US","nasdaq_listed","https://github.com/datasets/nasdaq-listings"
"Bruker Corporation",,"US","nasdaq_listed","https://github.com/datasets/nasdaq-listings"
"Borealis Foods Inc.",,"US","nasdaq_listed","https://github.com/datasets/nasdaq-listings"
"Brilliant Earth Group, Inc.",,"US","nasdaq_listed","https://github.com/datasets/nasdaq-listings"
"Barinthus Biotherapeutics plc",,"US","nasdaq_listed","https://github.com/datasets/nasdaq-listings"
"ProCap Financial, Inc.",,"US","nasdaq_listed","https://github.com/datasets/nasdaq-listings"
"BioRestorative Therapies, Inc.",,"US","nasdaq_listed","https://github.com/datasets/nasdaq-listings"
"Braze, Inc.",,"US","nasdaq_listed","https://github.com/datasets/nasdaq-listings"
"Bogota Financial Corp.",,"US","nasdaq_listed","https://github.com/datasets/nasdaq-listings"
"Bassett Furniture Industries, Incorporated",,"US","nasdaq_listed","https://github.com/datasets/nasdaq-listings"
"Sierra Bancorp",,"US","nasdaq_listed","https://github.com/datasets/nasdaq-listings"
"Bank7 Corp.",,"US","nasdaq_listed","https://github.com/datasets/nasdaq-listings"
"Bentley Systems, Incorporated",,"US","nasdaq_listed","https://github.com/datasets/nasdaq-listings"
"BioXcel Therapeutics, Inc.",,"US","nasdaq_listed","https://github.com/datasets/nasdaq-listings"
"BT Brands, Inc.",,"US","nasdaq_listed","https://github.com/datasets/nasdaq-listings"
"Bit Digital, Inc.",,"US","nasdaq_listed","https://github.com/datasets/nasdaq-listings"
"BTCS Inc.",,"US","nasdaq_listed","https://github.com/datasets/nasdaq-listings"
"BTC Digital Ltd.",,"US","nasdaq_listed","https://github.com/datasets/nasdaq-listings"
"Bitdeer Technologies Group",,"US","nasdaq_listed","https://github.com/datasets/nasdaq-listings"
"Bitcoin Depot Inc.",,"US","nasdaq_listed","https://github.com/datasets/nasdaq-listings"
"Biote Corp.",,"US","nasdaq_listed","https://github.com/datasets/nasdaq-listings"
"Armlogi Holding Corp.",,"US","nasdaq_listed","https://github.com/datasets/nasdaq-listings"
"Bit Origin Limited",,"US","nasdaq_listed","https://github.com/datasets/nasdaq-listings"
"BTQ Technologies Corp.",,"US","nasdaq_listed","https://github.com/datasets/nasdaq-listings"
"Black Titan Corp",,"US","nasdaq_listed","https://github.com/datasets/nasdaq-listings"
"Webull Corporation",,"US","nasdaq_listed","https://github.com/datasets/nasdaq-listings"
"First Busey Corporation",,"US","nasdaq_listed","https://github.com/datasets/nasdaq-listings"
"BUUU Group Limited",,"US","nasdaq_listed","https://github.com/datasets/nasdaq-listings"
"BitVentures Limited",,"US","nasdaq_listed","https://github.com/datasets/nasdaq-listings"
"BV Financial, Inc.",,"US","nasdaq_listed","https://github.com/datasets/nasdaq-listings"
"Bioventus Inc.",,"US","nasdaq_listed","https://github.com/datasets/nasdaq-listings"
"BrainsWay Ltd.",,"US","nasdaq_listed","https://github.com/datasets/nasdaq-listings"
"Bridgewater Bancshares, Inc.",,"US","nasdaq_listed","https://github.com/datasets/nasdaq-listings"
"Broadwind, Inc.",,"US","nasdaq_listed","https://github.com/datasets/nasdaq-listings"
"Bankwell Financial Group, Inc.",,"US","nasdaq_listed","https://github.com/datasets/nasdaq-listings"
"The Baldwin Insurance Group, Inc.",,"US","nasdaq_listed","https://github.com/datasets/nasdaq-listings"
"Bowman Consulting Group Ltd.",,"US","nasdaq_listed","https://github.com/datasets/nasdaq-listings"
"Park Ha Biological Technology Co., Ltd.",,"US","nasdaq_listed","https://github.com/datasets/nasdaq-listings"
"Broadway Financial Corporation",,"US","nasdaq_listed","https://github.com/datasets/nasdaq-listings"
"Beyond Meat, Inc.",,"US","nasdaq_listed","https://github.com/datasets/nasdaq-listings"
"Byrna Technologies, Inc.",,"US","nasdaq_listed","https://github.com/datasets/nasdaq-listings"
"BeyondSpring, Inc.",,"US","nasdaq_listed","https://github.com/datasets/nasdaq-listings"
"KANZHUN LIMITED",,"US","nasdaq_listed","https://github.com/datasets/nasdaq-listings"
"Blaize Holdings, Inc.",,"US","nasdaq_listed","https://github.com/datasets/nasdaq-listings"
"BuzzFeed, Inc.",,"US","nasdaq_listed","https://github.com/datasets/nasdaq-listings"
"Baozun Inc.",,"US","nasdaq_listed","https://github.com/datasets/nasdaq-listings"
"China Automotive Systems, Inc.",,"US","nasdaq_listed","https://github.com/datasets/nasdaq-listings"
"Cabaletta Bio, Inc.",,"US","nasdaq_listed","https://github.com/datasets/nasdaq-listings"
"Caring Brands, Inc.",,"US","nasdaq_listed","https://github.com/datasets/nasdaq-listings"
"Camden National Corporation",,"US","nasdaq_listed","https://github.com/datasets/nasdaq-listings"
"Credit Acceptance Corporation",,"US","nasdaq_listed","https://github.com/datasets/nasdaq-listings"
"Candel Therapeutics, Inc.",,"US","nasdaq_listed","https://github.com/datasets/nasdaq-listings"
"Cantor Equity Partners III, Inc.",,"US","nasdaq_listed","https://github.com/datasets/nasdaq-listings"
"Caris Life Sciences, Inc.",,"US","nasdaq_listed","https://github.com/datasets/nasdaq-listings"
"The Cheesecake Factory Incorporated",,"US","nasdaq_listed","https://github.com/datasets/nasdaq-listings"
"CalciMedica, Inc.",,"US","nasdaq_listed","https://github.com/datasets/nasdaq-listings"
"Cal-Maine Foods, Inc.",,"US","nasdaq_listed","https://github.com/datasets/nasdaq-listings"
